id,Nombre,email,gender,Ventas,Ventas_normalizadas
1,Sharai Gallager,sgallager0@time.com,Masculino,29926.212606132074,0.49650136877249873
2,Joyce Chalfain,jchalfain1@craigslist.org,Masculino,48574.58,0.9647611803992634
3,Cary Cavnor,ccavnor2@fc2.com,Masculino,26782.38,0.41755984896859566
4,Cristine Osbiston,cosbiston3@delicious.com,Masculino,29926.212606132074,0.49650136877249873
5,Arnuad Garfield,agarfield4@issuu.com,Femenino,29926.212606132074,0.49650136877249873
6,Renault Kinsell,rkinsell5@oaic.gov.au,Femenino,29949.7,0.4970911363588997
7,Mireielle Belward,mbelward6@timesonline.co.uk,Femenino,16900.22,0.16941917893937025
8,Michell Grindell,mgrindell7@themeforest.net,Femenino,29741.51,0.49186349320260747
9,Leona Pellitt,lpellitt8@businessinsider.com,Masculino,29245.03,0.47939689886937364
10,Cristie Brocklebank,cbrocklebank9@aol.com,Masculino,21186.94,0.277058558693157
11,Dina Lantuff,dlantuffa@cnn.com,Masculino,13516.22,0.0844470648085629
12,Ayn Eckart,aeckartb@moonfruit.com,Femenino,41536.0,0.7880226984019768
13,Violet Budnk,vbudnkc@mapy.cz,Femenino,29926.212606132074,0.49650136877249873
14,Tracy Kilmartin,tkilmartind@mozilla.org,Femenino,40501.72,0.7620519660724226
15,Guglielma Glewe,gglewee@un.org,Femenino,21561.57,0.2864655040586488
16,Ardenia Jaquest,ajaquestf@wiley.com,Femenino,29926.212606132074,0.49650136877249873
17,Myrtie O'Cannon,mocannong@theatlantic.com,Femenino,24547.62,0.3614451084913607
18,Suzanna Wiseman,swisemanh@studiopress.com,Masculino,44719.46,0.8679592605919472
19,Arabel Arnao,aarnaoi@geocities.com,Masculino,14733.67,0.11501718902503788
20,Lyell Izkovitch,lizkovitchj@sohu.com,Femenino,44866.16,0.8716428921353839
21,Seana McCaffrey,smccaffreyk@oakley.com,Femenino,17167.57,0.17613232749518326
22,Anetta Fuzzey,afuzzeyl@123-reg.co.uk,Masculino,48135.5,0.9537358979310143
23,Kristo Pioli,kpiolim@answers.com,Femenino,16398.54,0.15682201279955243
24,Holly-anne Frodsham,hfrodshamn@who.int,Femenino,40097.11,0.7518922240220486
25,Bobbie Saltrese,bsaltreseo@intel.com,Femenino,46810.01,0.920452893333129
26,Cordell O'Tierney,cotierneyp@craigslist.org,Femenino,43963.45,0.8489758776120323
27,Hervey Smitherman,hsmithermanq@omniture.com,Masculino,30137.4,0.5018042763773254
28,Deane Devericks,ddevericksr@illinois.edu,Femenino,32721.16,0.5666823938733699
29,Ramona Nears,rnearss@loc.gov,Femenino,16448.43,0.1580747488438745
30,Joelie Bazoche,jbazochet@umn.edu,Masculino,39658.21,0.7408714613471042
31,Henrieta Seifenmacher,hseifenmacheru@harvard.edu,Masculino,12192.73,0.051214280136286816
32,Ali Birch,abirchv@about.com,Masculino,30553.95,0.5122638313835866
33,Drusie Oughton,doughtonw@oaic.gov.au,Masculino,16944.18,0.17052301290426097
34,Gris Hedin,ghedinx@bigcartel.com,Femenino,24032.94,0.3485215128350829
35,Phillis Flancinbaum,pflancinbaumy@plala.or.jp,Masculino,35154.72,0.6277889949561617
36,Torrey Borthe,tborthez@ftc.gov,Femenino,44014.58,0.8502597500102324
37,Nolana McGrey,nmcgrey10@ihg.com,Masculino,29926.212606132074,0.49650136877249873
38,Mortimer Crichley,mcrichley11@cloudflare.com,Femenino,10506.38,0.00887009436072922
39,Lula Seyffert,lseyffert12@sphinn.com,Femenino,29926.212606132074,0.49650136877249873
40,Warner Talboy,wtalboy13@yahoo.co.jp,Masculino,32586.94,0.5633121346657348
41,Cassie Surgen,csurgen14@china.com.cn,Femenino,22025.33,0.29811050040891574
42,Karena Cuchey,kcuchey15@dropbox.com,Masculino,31738.97,0.5420196395063079
43,Jobi Jozefczak,jjozefczak16@bloomberg.com,Masculino,34890.71,0.621159713676116
44,Quinn Knappen,qknappen17@prnewswire.com,Masculino,43694.16,0.8422140157283785
45,Thomas Rylands,trylands18@plala.or.jp,Femenino,19960.36,0.24625918051627593
46,Cassie Rubinovitsch,crubinovitsch19@tinyurl.com,Femenino,29926.212606132074,0.49650136877249873
47,Carleton Lathe,clathe1a@sina.com.cn,Masculino,44304.49,0.8575393793269174
48,Jordain Duer,jduer1b@bloglovin.com,Femenino,24841.06,0.3688133759767461
49,Sibby Dittson,sdittson1c@prnewswire.com,Masculino,18171.68,0.20134549224692233
50,Lanie Swan,lswan1d@nbcnews.com,Masculino,25818.95,0.3933681575037483
51,Mortimer Younghusband,myounghusband1e@sciencedirect.com,Femenino,26106.93,0.4005993245922205
52,Kim Grellis,kgrellis1f@army.mil,Femenino,26595.85,0.4128760876066514
53,Fina Synnot,fsynnot1g@psu.edu,Femenino,21739.84,0.29094185712782705
54,Swen Robillart,srobillart1h@imageshack.us,Femenino,31694.86,0.5409120390469965
55,Lizzy Admans,ladmans1i@google.de,Femenino,49756.26,0.9944331212462175
56,Hamid Cordeix,hcordeix1j@hubpages.com,Masculino,49848.48,0.9967487620160588
57,Joanie Aguirrezabala,jaguirrezabala1k@umich.edu,Masculino,28065.87,0.44978823512868726
58,Rachelle Mullaly,rmullaly1l@stanford.edu,Femenino,35461.73,0.6354980046368057
59,Aimee Haycroft,ahaycroft1m@nymag.com,Masculino,24064.81,0.349321767349666
60,Bondie Laite,blaite1n@liveinternet.ru,Masculino,10749.99,0.014987132399560787
61,Fabe Dodding,fdodding1o@berkeley.edu,Masculino,16488.34,0.15907688745940657
62,Jermaine Marritt,jmarritt1p@fotki.com,Femenino,47516.21,0.9381855490657461
63,Reinold Hinder,rhinder1q@businessinsider.com,Femenino,40056.97,0.7508843101150714
64,Querida Roots,qroots1r@plala.or.jp,Femenino,29926.212606132074,0.49650136877249873
65,Sarena Suffield,ssuffield1s@chron.com,Femenino,15411.24,0.13203094652255892
66,Ludovico Yosifov,lyosifov1t@pagesperso-orange.fr,Masculino,29926.212606132074,0.49650136877249873
67,Emmalee Redmire,eredmire1u@hp.com,Masculino,35581.98,0.6385174776640603
68,Boy Kenningham,bkenningham1v@paginegialle.it,Masculino,47050.35,0.9264878217935894
69,Yanaton McAneny,ymcaneny1w@patch.com,Masculino,18935.02,0.2205129312541949
70,Andrus Doggart,adoggart1x@howstuffworks.com,Masculino,29926.212606132074,0.49650136877249873
71,Boone Greensite,bgreensite1y@php.net,Masculino,10794.9,0.016114820829115917
72,Bing Nesfield,bnesfield1z@elpais.com,Femenino,30416.13,0.5088031763098549
73,Jamie Roycroft,jroycroft20@phpbb.com,Masculino,29626.22,0.48896856559086377
74,Lianna Mattia,lmattia21@dion.ne.jp,Femenino,12070.31,0.0481403184897462
75,Edmon Pepye,epepye22@bloglovin.com,Masculino,29926.212606132074,0.49650136877249873
76,Audi Rook,arook23@blogtalkradio.com,Masculino,48765.39,0.9695524124020115
77,Gun Ales0,gales24@g.co,Masculino,22883.24,0.31965258859862056
78,Ewart McKag,emckag25@w3.org,Femenino,46613.79,0.9155258164316081
79,Desi Walwood,dwalwood26@go.com,Masculino,14483.36,0.10873191423541545
80,Cortie Roslen,croslen27@europa.eu,Femenino,46093.42,0.9024593450869719
81,Shalne Lambert,slambert28@walmart.com,Femenino,29926.212606132074,0.49650136877249873
82,Elmo Tomsa,etomsa29@loc.gov,Masculino,29926.212606132074,0.49650136877249873
83,Nikolos Manuely,nmanuely2a@cpanel.net,Femenino,47271.82,0.9320489252559269
84,Mallorie Jossel,mjossel2b@gravatar.com,Masculino,33272.77,0.5805333004560219
85,Blaine Rosendahl,brosendahl2c@wix.com,Femenino,40109.89,0.7522131293466915
86,Hollyanne Ezzell,hezzell2d@pbs.org,Femenino,31871.61,0.5453502249727117
87,Verile Wikey,vwikey2e@domainmarket.com,Masculino,19942.4,0.24580820558430505
88,Nessi Bentley,nbentley2f@sphinn.com,Masculino,15430.49,0.13251431330654767
89,Irving Coyne,icoyne2g@loc.gov,Femenino,38090.81,0.7015141056471552
90,Ardeen Dunster,adunster2h@japanpost.jp,Femenino,29926.212606132074,0.49650136877249873
91,Cy Eckels,ceckels2i@blogger.com,Femenino,45192.79,0.8798445592862542
92,Sybille Tansey,stansey2j@who.int,Femenino,29926.212606132074,0.49650136877249873
93,Taite Grayling,tgrayling2k@wunderground.com,Masculino,31472.62,0.5353316009132995
94,Chiarra Pacey,cpacey2l@alexa.com,Femenino,40416.87,0.7599213857284514
95,Mathilde Frank,mfrank2m@ucsd.edu,Femenino,25515.81,0.3857563233791582
96,Caesar Thorbon,cthorbon2n@nymag.com,Masculino,32332.0,0.5569106007483271
97,Levi Henbury,lhenbury2o@nature.com,Masculino,16568.66,0.16109371967187303
98,Babb Bointon,bbointon2p@chron.com,Masculino,37943.03,0.6978033553438896
99,Lucky Marcussen,lmarcussen2q@odnoklassniki.ru,Femenino,16389.69,0.15659978962873156
100,Josy Edlington,jedlington2r@prnewswire.com,Femenino,28575.84,0.4625935628601553
101,Adan Begent,abegent2s@lycos.com,Masculino,29926.212606132074,0.49650136877249873
102,Eachelle Noice,enoice2t@army.mil,Masculino,29926.212606132074,0.49650136877249873
103,Patsy Turle,pturle2u@senate.gov,Masculino,25937.65,0.3963487100886558
104,Jojo Verson,jverson2v@pen.io,Femenino,29926.212606132074,0.49650136877249873
105,Lutero Arendt,larendt2w@privacy.gov.au,Femenino,29926.212606132074,0.49650136877249873
106,Seth Aneley,saneley2x@spotify.com,Masculino,10616.74,0.011641229855846202
107,Pauly Coote,pcoote2y@tinypic.com,Femenino,41912.52,0.7974771015971692
108,Kristyn Spratley,kspratley2z@cdc.gov,Femenino,16747.21,0.16557710353063648
109,Amy Barhems,abarhems30@google.it,Masculino,35533.3,0.6372951246747318
110,Renata Davitt,rdavitt31@oaic.gov.au,Femenino,46208.75,0.9053552770972279
111,Barby Yakubovich,byakubovich32@printfriendly.com,Masculino,17947.68,0.1957208605786892
112,Salli Davana,sdavana33@gravatar.com,Femenino,18285.06,0.2041924598297093
113,Brannon Allden,ballden34@nyu.edu,Masculino,47527.91,0.9384793356305602
114,Alfons Liebermann,aliebermann35@narod.ru,Femenino,17293.22,0.1792873943215828
115,Alphonso Hinckesman,ahinckesman36@prweb.com,Femenino,40965.18,0.7736894294338482
116,Shelley Leibold,sleibold37@mysql.com,Femenino,18539.86,0.21059047835232442
117,Herby Cobden,hcobden38@sourceforge.net,Femenino,44113.13,0.8527343368446266
118,Corliss Groneway,cgroneway39@economist.com,Masculino,17581.93,0.18653689168290233
119,Aubrette Friary,afriary3a@nifty.com,Femenino,35307.06,0.6316142466898162
120,Robina Nason,rnason3b@engadget.com,Masculino,27647.14,0.439273940403512
121,Gerek Chadbourne,gchadbourne3c@cnbc.com,Masculino,49844.25,0.9966425468733952
122,Denise Wodeland,dwodeland3d@wordpress.org,Femenino,11197.39,0.026221329758344236
123,Bartolemo Galliard,bgalliard3e@google.de,Femenino,41319.62,0.7825894046503149
124,Kellen Coombs,kcoombs3f@sciencedirect.com,Masculino,44445.52,0.8610806373812517
125,Nathalie Snasel,nsnasel3g@mediafire.com,Femenino,35458.95,0.6354281989402087
126,Domeniga Habberjam,dhabberjam3h@time.com,Masculino,48802.34,0.9704802255276418
127,Nannette Winckles,nwinckles3i@zimbio.com,Masculino,32042.0,0.5496287115349896
128,Damara Glassard,dglassard3j@hatena.ne.jp,Masculino,45622.56,0.8906360680007924
129,Albertina Grosvenor,agrosvenor3k@amazon.co.uk,Femenino,29926.212606132074,0.49650136877249873
130,Aron Coombe,acoombe3l@xinhuanet.com,Masculino,29926.212606132074,0.49650136877249873
131,Eva Gyorffy,egyorffy3m@cmu.edu,Femenino,48937.94,0.9738851364839473
132,Ogdon Alcalde,oalcalde3n@java.com,Femenino,40060.95,0.7509842477670335
133,Myrna Muro,mmuro3o@issuu.com,Femenino,29926.212606132074,0.49650136877249873
134,Alard Boughey,aboughey3p@bing.com,Femenino,14111.57,0.09939628116428867
135,Malachi MacAllester,mmacallester3q@microsoft.com,Femenino,29926.212606132074,0.49650136877249873
136,Irita Rozea,irozea3r@addthis.com,Femenino,31544.78,0.5371435358292803
137,Cobb Blaber,cblaber3s@liveinternet.ru,Masculino,18716.52,0.2150264043813872
138,Jayme Meiner,jmeiner3t@istockphoto.com,Femenino,26789.84,0.4177471692911181
139,Lorilyn Aspenlon,laspenlon3u@rambler.ru,Masculino,10849.76,0.01749235338857691
140,Hartley Donaghy,hdonaghy3v@umn.edu,Masculino,20380.47,0.25680812699012145
141,Dianna Gheeraert,dgheeraert3w@wisc.edu,Femenino,40636.82,0.7654443220473256
142,Papagena Cunnell,pcunnell3x@simplemachines.org,Masculino,43594.62,0.8397145700308074
143,Lief Goldfinch,lgoldfinch3y@pbs.org,Femenino,20853.84,0.2686944300829407
144,Hanan Francom,hfrancom3z@qq.com,Masculino,34958.69,0.6228666889475737
145,Law Marshland,lmarshland40@com.com,Masculino,29926.212606132074,0.49650136877249873
146,Edsel Fitzpayn,efitzpayn41@nymag.com,Femenino,29926.212606132074,0.49650136877249873
147,Babb Marsham,bmarsham42@umich.edu,Masculino,29926.212606132074,0.49650136877249873
148,Carlynn Gallehawk,cgallehawk43@vimeo.com,Femenino,21036.61,0.2732837779847397
149,Brion Gilvear,bgilvear44@usda.gov,Masculino,40609.25,0.7647520403728024
150,Eugenie Bickerdicke,ebickerdicke45@free.fr,Femenino,14556.54,0.11056946131345696
151,Terra Brandenberg,tbrandenberg46@macromedia.com,Masculino,47059.63,0.9267208422484162
152,Kathye Delleschi,kdelleschi47@icq.com,Masculino,36245.54,0.6551794445826887
153,Chiquia Garred,cgarred48@cbslocal.com,Masculino,29926.212606132074,0.49650136877249873
154,Drugi Barribal,dbarribal49@cnn.com,Masculino,11985.34,0.04600672495023833
155,Joe Golson,jgolson4a@va.gov,Masculino,13350.36,0.08028232637778993
156,Talia Park,tpark4b@nih.gov,Femenino,20279.48,0.2542722718464837
157,Kip Vasnetsov,kvasnetsov4c@flickr.com,Femenino,27767.07,0.4422853782426691
158,Gayler Frost,gfrost4d@cnbc.com,Femenino,29926.212606132074,0.49650136877249873
159,Kylila Gersam,kgersam4e@salon.com,Femenino,24782.82,0.36735097174300546
160,Tony Dillinton,tdillinton4f@newsvine.com,Femenino,41604.52,0.7897432330533488
161,Bryana Tungate,btungate4g@com.com,Masculino,37307.75,0.6818514981733756
162,Ashlan Codi,acodi4h@sciencedirect.com,Femenino,33917.2,0.5967149137861981
163,Charity Wrathall,cwrathall4i@mapquest.com,Femenino,42214.54,0.8050608125634183
164,Charmine Moseley,cmoseley4j@sbwire.com,Femenino,17775.42,0.1913954183859667
165,Maddie Morilla,mmorilla4k@imdb.com,Masculino,22616.94,0.3129658055037522
166,Verne Kurdani,vkurdani4l@boston.com,Masculino,41206.72,0.7797544898496741
167,Brittani Liddicoat,bliddicoat4m@sitemeter.com,Femenino,29926.212606132074,0.49650136877249873
168,Nealon Domenici,ndomenici4n@reddit.com,Femenino,49372.36,0.9847934065255269
169,Greggory Kubacki,gkubacki4o@tumblr.com,Masculino,29926.212606132074,0.49650136877249873
170,Garth Piele,gpiele4p@nsw.gov.au,Femenino,37649.95,0.6904441274451139
171,Marice Walshe,mwalshe4q@icq.com,Masculino,31983.64,0.5481632941057124
172,Paul Fearns,pfearns4r@gizmodo.com,Masculino,25189.87,0.3775719821026229
173,Milicent Rhoddie,mrhoddie4s@g.co,Masculino,18868.28,0.21883709233661508
174,Auberta Champken,achampken4t@who.int,Masculino,19459.66,0.23368662214000657
175,Bealle Jacson,bjacson4u@ucoz.com,Femenino,41385.61,0.7842464110957911
176,Andriette Abrashkin,aabrashkin4v@google.ca,Femenino,46450.87,0.9114349012914807
177,Danna Woodroffe,dwoodroffe4w@mit.edu,Masculino,38192.53,0.7040682910636403
178,Carey Thicking,cthicking4x@sourceforge.net,Femenino,49410.4,0.9857485895106143
179,Bella Grief,bgrief4y@tripadvisor.com,Masculino,44010.73,0.8501630766534346
180,Osbert Eefting,oeefting4z@pinterest.com,Femenino,19833.49,0.24307347953525477
181,Roseann Wonter,rwonter50@tinyurl.com,Masculino,45130.63,0.8782837239983196
182,Niles Lesly,nlesly51@tinypic.com,Masculino,13976.73,0.09601045377971479
183,Timothea Dumbare,tdumbare52@xing.com,Femenino,35377.95,0.6333942919530352
184,Kristina Leyrroyd,kleyrroyd53@redcross.org,Femenino,25323.35,0.38092365993778243
185,Jsandye Gilhouley,jgilhouley54@wufoo.com,Masculino,43401.66,0.8348693516080296
186,Heddi Snar,hsnar55@biblegateway.com,Masculino,29926.212606132074,0.49650136877249873
187,Alexander Scraggs,ascraggs56@elpais.com,Masculino,25129.87,0.3760653843343461
188,Hadrian Janek,hjanek57@aol.com,Femenino,35227.47,0.6296157447501973
189,Marline Beenham,mbeenham58@zdnet.com,Masculino,37634.5,0.6900561785197827
190,Nicolai Scoggin,nscoggin59@bloglines.com,Femenino,16099.44,0.14931162292469297
191,Kippy Pedican,kpedican5a@prlog.org,Masculino,29926.212606132074,0.49650136877249873
192,Townie Stelli,tstelli5b@boston.com,Femenino,29926.212606132074,0.49650136877249873
193,Dallas Burriss,dburriss5c@gmpg.org,Masculino,11984.83,0.04599391886920795
194,Celesta Kidner,ckidner5d@ehow.com,Femenino,22864.81,0.31918981198413154
195,Peadar Stambridge,pstambridge5e@moonfruit.com,Masculino,29926.212606132074,0.49650136877249873
196,Freddie Bowller,fbowller5f@sitemeter.com,Femenino,31473.17,0.535345411392842
197,Stella Gear,sgear5g@alexa.com,Masculino,22666.29,0.31420498216815995
198,Toddie Kleinbaum,tkleinbaum5h@a8.net,Femenino,29926.212606132074,0.49650136877249873
199,Stearne Nutbrown,snutbrown5i@skype.com,Femenino,29926.212606132074,0.49650136877249873
200,Enrico Ulyet,eulyet5j@seesaa.net,Femenino,13158.65,0.07546849540851774
201,Luisa Vlasenko,lvlasenko5k@ox.ac.uk,Masculino,21768.14,0.2916524690751975
202,Kathi Reynault,kreynault5l@goodreads.com,Masculino,25545.87,0.38651112886106476
203,Oliver Jikovsky,ojikovsky5m@icq.com,Femenino,20066.84,0.248932889355711
204,Andrus Pridmore,apridmore5n@behance.net,Masculino,37273.42,0.6809894731502933
205,Gael Somerlie,gsomerlie5o@washington.edu,Femenino,38479.29,0.7112688239974909
206,Catrina Tuerena,ctuerena5p@histats.com,Masculino,31828.51,0.5442679855758329
207,Stephi Slowgrove,sslowgrove5q@reverbnation.com,Masculino,38743.6,0.7179056382663779
208,Pippa Chattington,pchattington5r@instagram.com,Masculino,29926.212606132074,0.49650136877249873
209,Isaiah Saurin,isaurin5s@discuz.net,Femenino,48161.59,0.9543910168605866
210,Frederica Greenshields,fgreenshields5t@vistaprint.com,Masculino,10342.47,0.004754320357425235
211,Leontine Jacobsohn,ljacobsohn5u@joomla.org,Femenino,29926.212606132074,0.49650136877249873
212,Adria Haspineall,ahaspineall5v@dagondesign.com,Femenino,14588.57,0.11137373342208867
213,Rutherford Cuniffe,rcuniffe5w@webnode.com,Femenino,28283.56,0.4552544229316233
214,Coraline Boggis,cboggis5x@examiner.com,Femenino,29926.212606132074,0.49650136877249873
215,Karoly Flooks,kflooks5y@woothemes.com,Femenino,32678.88,0.5656207446459909
216,Iris Maycey,imaycey5z@noaa.gov,Femenino,44585.02,0.8645834771924951
217,Michel Maund,mmaund60@cam.ac.uk,Femenino,38942.86,0.722909049454825
218,Iago Drury,idrury61@techcrunch.com,Femenino,34141.28,0.6023415542514556
219,Glen Weiser,gweiser62@omniture.com,Masculino,29926.212606132074,0.49650136877249873
220,Savina Studart,sstudart63@twitpic.com,Masculino,30729.98,0.5166839381360824
221,Ricki Martynikhin,rmartynikhin64@patch.com,Masculino,21878.43,0.29442184687291817
222,Albina Rayburn,arayburn65@qq.com,Femenino,43052.95,0.8261132564784329
223,Kakalina Reany,kreany66@unicef.org,Masculino,16057.61,0.14826127318057603
224,Coralyn Pauletti,cpauletti67@live.com,Femenino,29926.212606132074,0.49650136877249873
225,Cassandry Tather,ctather68@deviantart.com,Femenino,22479.99,0.30952699609766066
226,Josie Harry,jharry69@studiopress.com,Femenino,19713.86,0.240069574684939
227,Windham Fredy,wfredy6a@economist.com,Femenino,29926.212606132074,0.49650136877249873
228,Conny Yekel,cyekel6b@mozilla.org,Femenino,29508.69,0.4860173916624376
229,Rae Cracknell,rcracknell6c@hc360.com,Masculino,24748.96,0.3665007484024413
230,Kerianne Dennett,kdennett6d@about.me,Masculino,12995.85,0.07138059346392689
231,Artemas Khadir,akhadir6e@springer.com,Femenino,19594.18,0.237064414336483
232,Gardy Danit,gdanit6f@youku.com,Femenino,19505.98,0.2348497156171162
233,Oswald Bedlington,obedlington6g@furl.net,Femenino,27767.53,0.44229692882555927
234,Jeniece Pittman,jpittman6h@ucsd.edu,Femenino,28737.69,0.4666576103400817
235,Darn Messenbird,dmessenbird6i@rakuten.co.jp,Masculino,12224.73,0.05201779894603442
236,Stefania Fysh,sfysh6j@accuweather.com,Masculino,39809.32,0.7446658278265091
237,Ermin Scallon,escallon6k@last.fm,Femenino,29926.212606132074,0.49650136877249873
238,Giffie Chidler,gchidler6l@hexun.com,Femenino,16476.79,0.15878686738901332
239,Rachel Kunz,rkunz6m@reference.com,Masculino,17739.18,0.1904854333339276
240,Willow Huyge,whuyge6n@last.fm,Masculino,31698.58,0.5410054481086297
241,Mattheus Wightman,mwightman6o@google.es,Masculino,29590.66,0.4880756553135317
242,Penny Bloys,pbloys6p@unesco.org,Femenino,29926.212606132074,0.49650136877249873
243,Bevon Stubbings,bstubbings6q@usnews.com,Masculino,46294.42,0.907506447610699
244,Bartholemy Draco,bdraco6r@youtube.com,Femenino,42120.5,0.8026994716612726
245,Lotta Degnen,ldegnen6s@github.com,Masculino,31933.05,0.546892981087427
246,Dawna Jeffree,djeffree6t@mac.com,Femenino,20374.03,0.2566464188296598
247,Thor Cashin,tcashin6u@blogs.com,Masculino,22632.04,0.3133449659421019
248,Giulio Peckett,gpeckett6v@g.co,Masculino,37072.79,0.675951661312804
249,Roshelle Guisler,rguisler6w@ucoz.com,Femenino,29926.212606132074,0.49650136877249873
250,Kerrill Paoloni,kpaoloni6x@typepad.com,Masculino,43378.23,0.8342810251795173
251,Shelba De la Perrelle,sde6y@youku.com,Masculino,26377.26,0.4073873008371912
252,Rosemaria Jeanes,rjeanes6z@yahoo.com,Masculino,16229.59,0.15257968458371324
253,Farley Marnes,fmarnes70@ucoz.ru,Masculino,14415.05,0.10701665267623234
254,Nicko Gascoine,ngascoine71@jigsy.com,Masculino,49803.46,0.9956183114905951
255,Debbi Deane,ddeane72@patch.com,Masculino,35597.52,0.6389076864860439
256,Brewer Trevethan,btrevethan73@webeden.co.uk,Masculino,20956.51,0.27127246996409016
257,Cissy Biever,cbiever74@mashable.com,Masculino,25321.13,0.3808679158203563
258,Vikki Lilywhite,vlilywhite75@engadget.com,Femenino,28708.22,0.4659176197362299
259,Jerad Orrocks,jorrocks76@constantcontact.com,Femenino,29926.212606132074,0.49650136877249873
260,Channa Neylon,cneylon77@china.com.cn,Masculino,39011.79,0.7246398791909469
261,Andrej Dimitriades,adimitriades78@furl.net,Masculino,41334.57,0.7829647985942437
262,Karlik Storr,kstorr79@scribd.com,Masculino,28829.81,0.4689707401136427
263,Ebba Newis,enewis7a@oracle.com,Femenino,39885.75,0.7465849822836658
264,Arturo Digle,adigle7b@jiathis.com,Femenino,28483.29,0.4602696358025885
265,Bard Belfrage,bbelfrage7c@bizjournals.com,Femenino,44996.04,0.8749041741044469
266,Dniren Southgate,dsouthgate7d@whitehouse.gov,Masculino,27423.18,0.4336503131337911
267,Corrina Stroban,cstroban7e@reuters.com,Masculino,18834.72,0.21799440198489234
268,Shelton Simnor,ssimnor7f@abc.net.au,Masculino,44099.22,0.8523850572620145
269,Gerti Lilly,glilly7g@noaa.gov,Masculino,34067.8,0.6004964741845729
270,Kaye Dangl,kdangl7h@fc2.com,Femenino,35340.29,0.6324486507538136
271,Witty Culpin,wculpin7i@vimeo.com,Masculino,25894.59,0.39526747509028914
272,Krystle Aseef,kaseef7j@buzzfeed.com,Femenino,44853.88,0.8713345417921431
273,Elsie Piotr,epiotr7k@zdnet.com,Masculino,22426.26,0.3081778377961688
274,Sunshine Clementson,sclementson7l@netlog.com,Femenino,31956.11,0.5474720168297015
275,Ruddie Diggar,rdiggar7m@ovh.net,Masculino,21808.06,0.2926548587903577
276,Wallace Rodell,wrodell7n@eventbrite.com,Masculino,24412.48,0.3580517481179455
277,Tybie Vaskov,tvaskov7o@dell.com,Femenino,34925.83,0.6220415755698141
278,Blakelee Hassall,bhassall7p@sun.com,Femenino,29926.212606132074,0.49650136877249873
279,Dilly Connichie,dconnichie7q@bigcartel.com,Masculino,24866.94,0.3694632218141295
280,Aviva Aslott,aaslott7r@aol.com,Masculino,29702.43,0.4908821958562032
281,Rubina Sockell,rsockell7s@patch.com,Femenino,29926.212606132074,0.49650136877249873
282,Dwain Dunstone,ddunstone7t@mit.edu,Masculino,29386.58,0.4829512141043666
283,Jean Manach,jmanach7u@reuters.com,Masculino,43944.28,0.848494519625068
284,Steffane Layburn,slayburn7v@bluehost.com,Masculino,40540.85,0.763034518916967
285,Susann Freak,sfreak7w@huffingtonpost.com,Masculino,26573.75,0.4123211574286695
286,Jervis Clemendet,jclemendet7x@cyberchimps.com,Masculino,49340.3,0.9839883811180111
287,Brian Giacopetti,bgiacopetti7y@nba.com,Masculino,29926.212606132074,0.49650136877249873
288,Kari Venmore,kvenmore7z@princeton.edu,Masculino,43733.19,0.8431940575766425
289,Cacilie Burridge,cburridge80@nifty.com,Masculino,34008.99,0.5990197572720335
290,Aurie Odo,aodo81@yandex.ru,Masculino,27773.88,0.4424563770893686
291,Christophe Thow,cthow82@tripod.com,Masculino,43397.87,0.8347741848489999
292,Corri Lanahan,clanahan83@europa.eu,Femenino,13683.61,0.0886502214824269
293,Corina Arsnell,carsnell84@va.gov,Masculino,45639.04,0.8910498801878125
294,Gill Shelborne,gshelborne85@princeton.edu,Masculino,48476.9,0.9623084392325089
295,Pacorro Hogbin,phogbin86@reverbnation.com,Femenino,29926.212606132074,0.49650136877249873
296,Chariot Pettinger,cpettinger87@privacy.gov.au,Masculino,10465.36,0.007840083686484034
297,Coretta Belvard,cbelvard88@flickr.com,Masculino,36271.19,0.655823515128627
298,Felice Haggata,fhaggata89@mapy.cz,Femenino,47319.82,0.9332542034705483
299,Durante Drewery,ddrewery8a@xrea.com,Masculino,27192.7,0.42786296890658415
300,Micky Dranfield,mdranfield8b@shutterfly.com,Femenino,47953.26,0.9491598583095019
301,Bendix McTeggart,bmcteggart8c@unicef.org,Masculino,44296.68,0.8573432705174132
302,Megen Frohock,mfrohock8d@xing.com,Femenino,27602.25,0.438146754173213
303,Evita Kellington,ekellington8e@liveinternet.ru,Femenino,41103.33,0.7771583707953053
304,Hardy Fritschmann,hfritschmann8f@spiegel.de,Femenino,27068.84,0.4247528489136049
305,Solly Le Fevre,sle8g@blogtalkradio.com,Femenino,41854.58,0.79602223035227
306,Lemmie Cicconetti,lcicconetti8h@wikia.com,Masculino,41029.08,0.775293956057063
307,Sapphira Jindrich,sjindrich8i@gnu.org,Masculino,23330.31,0.3308784996696784
308,Reed Corrado,rcorrado8j@altervista.org,Masculino,29926.212606132074,0.49650136877249873
309,Roana Ivey,rivey8k@studiopress.com,Masculino,29446.03,0.4844440013931006
310,Mikaela Bush,mbush8l@unicef.org,Masculino,19394.45,0.23204920146551788
311,Wilmette Stelljes,wstelljes8m@berkeley.edu,Femenino,19094.24,0.22451093953194529
312,Miller Briance,mbriance8n@state.gov,Masculino,31590.63,0.5382948276238718
313,Wyn Pennings,wpennings8o@chicagotribune.com,Masculino,31905.33,0.5461969329184833
314,Ennis Hovie,ehovie8p@pcworld.com,Femenino,36486.84,0.6612384786074414
315,Simeon Dinnington,sdinnington8q@nhs.uk,Masculino,12484.28,0.05853508979197153
316,Regen Pittwood,rpittwood8r@ted.com,Masculino,29926.212606132074,0.49650136877249873
317,Urbanus Gritskov,ugritskov8s@youtu.be,Masculino,46618.0,0.9156315293750154
318,Abdel Geere,ageere8t@admin.ch,Femenino,11870.87,0.04313238750799442
319,Ninette Wordley,nwordley8u@google.co.jp,Masculino,23787.54,0.3423595279628312
320,Eirena Baume,ebaume8v@t-online.de,Femenino,39164.4,0.7284719106145587
321,Nissa Dicken,ndicken8w@yelp.com,Femenino,23229.06,0.32833611593571144
322,Will Matten,wmatten8x@virginia.edu,Femenino,16388.46,0.1565689043744819
323,Elvis Shoebridge,eshoebridge8y@yolasite.com,Femenino,29926.212606132074,0.49650136877249873
324,Yance Kearle,ykearle8z@usgs.gov,Masculino,13868.1,0.09328275852024981
325,Carol Bertolaccini,cbertolaccini90@spotify.com,Femenino,47082.08,0.9272845609133799
326,Filberto Goodier,fgoodier91@1688.com,Femenino,13711.93,0.08936133562905352
327,Ceciley Boland,cboland92@indiegogo.com,Femenino,29926.212606132074,0.49650136877249873
328,Thebault Orknay,torknay93@merriam-webster.com,Masculino,17977.26,0.19646361327844958
329,Rollins Falcus,rfalcus94@umich.edu,Masculino,17539.4,0.18546896496482224
330,Shea MacCrosson,smaccrosson95@a8.net,Masculino,29926.212606132074,0.49650136877249873
331,Cly McBain,cmcbain96@harvard.edu,Masculino,40403.6,0.7595881765220339
332,Beryl Woolerton,bwoolerton97@cbslocal.com,Masculino,18949.01,0.2208642196338314
333,Chariot Minard,cminard98@dropbox.com,Masculino,22739.27,0.31603750725364044
334,Gaye Hoonahan,ghoonahan99@ow.ly,Femenino,33916.65,0.5967011033066556
335,Cosimo Brisco,cbrisco9a@state.gov,Femenino,16764.59,0.16601351468418069
336,Godfree Oldroyde,goldroyde9b@earthlink.net,Femenino,40882.62,0.7716163509046995
337,Bud Wellsman,bwellsman9c@chronoengine.com,Femenino,29926.212606132074,0.49650136877249873
338,Wade Agron,wagron9d@hexun.com,Femenino,29926.212606132074,0.49650136877249873
339,Tabbitha Aasaf,taasaf9e@wp.com,Femenino,15080.52,0.12372657962381761
340,Dorris Cribbott,dcribbott9f@de.vu,Femenino,32392.02,0.5584177007158598
341,Phoebe Mc Caghan,pmc9g@rediff.com,Femenino,34296.92,0.6062496688623654
342,Felice Hrishanok,fhrishanok9h@newsvine.com,Femenino,29926.212606132074,0.49650136877249873
343,Suzy Gayton,sgayton9i@google.com.br,Masculino,43629.64,0.8405939209282248
344,Wynn Mannock,wmannock9j@fda.gov,Masculino,45957.65,0.8990501654369899
345,Trent Klaus,tklaus9k@list-manage.com,Femenino,28720.26,0.46621994368839736
346,Cole Kamen,ckamen9l@dailymotion.com,Masculino,49449.19,0.9867226049678052
347,Billie Sisey,bsisey9m@dion.ne.jp,Masculino,23484.59,0.3347524647311739
348,Josh MacRedmond,jmacredmond9n@admin.ch,Masculino,25212.81,0.3781480046493607
349,Sinclair Healey,shealey9o@newyorker.com,Masculino,39920.06,0.7474465051074918
350,Maddy Kilgallon,mkilgallon9p@dell.com,Masculino,45115.86,0.8779128498476955
351,Douglass Allbut,dallbut9q@geocities.com,Masculino,34484.66,0.6109638132793034
352,Thorny Pimblott,tpimblott9r@nbcnews.com,Masculino,29926.212606132074,0.49650136877249873
353,Micki Goldsbury,mgoldsbury9s@myspace.com,Masculino,19189.29,0.22689764149652364
354,Ignacio Mallall,imallall9t@stanford.edu,Masculino,43738.17,0.8433191051914094
355,Thorstein D'Angeli,tdangeli9u@sohu.com,Masculino,37020.54,0.6746396657562631
356,Reece Kerwen,rkerwen9v@samsung.com,Femenino,49457.37,0.986928004463547
357,Garrik Geare,ggeare9w@illinois.edu,Masculino,10157.08,9.918435307820772e-05
358,Fredrick Gowdridge,fgowdridge9x@so-net.ne.jp,Femenino,17609.07,0.1872183760734195
359,Lorant Vinas,lvinas9y@go.com,Masculino,26541.88,0.4115209029140865
360,Maude Baradel,mbaradel9z@wisc.edu,Femenino,44343.95,0.8585302184591873
361,Iain MacFall,imacfalla0@digg.com,Femenino,29926.212606132074,0.49650136877249873
362,Nataline Jacke,njackea1@businesswire.com,Femenino,21990.48,0.29723541820517496
363,Emera Livesay,elivesaya2@jigsy.com,Masculino,26356.24,0.4068594894190384
364,Whitaker McGarrie,wmcgarriea3@wisc.edu,Masculino,41990.89,0.7994449693821667
365,Josee Clemencet,jclemenceta4@jiathis.com,Masculino,49852.45,0.9968484485683929
366,Brigid Stilliard,bstilliarda5@e-recht24.de,Masculino,29926.212606132074,0.49650136877249873
367,Noami Bellefant,nbellefanta6@themeforest.net,Masculino,29926.212606132074,0.49650136877249873
368,Phillis Trevascus,ptrevascusa7@mediafire.com,Femenino,43552.64,0.8386604537922696
369,Brok Mariolle,bmariollea8@bbc.co.uk,Femenino,34329.05,0.6070564519672778
370,Rolando Badam,rbadama9@digg.com,Masculino,43453.57,0.8361728097772169
371,Ingaborg Monck,imonckaa@marketwatch.com,Femenino,33390.69,0.5834942672699419
372,Golda Dimitru,gdimitruab@fc2.com,Femenino,29926.212606132074,0.49650136877249873
373,Bevon Gunning,bgunningac@blogger.com,Masculino,29926.212606132074,0.49650136877249873
374,Phebe Thulborn,pthulbornad@shop-pro.jp,Femenino,32870.12,0.570422773932745
375,Claudian Philippet,cphilippetae@cbslocal.com,Femenino,27177.06,0.42747024908832
376,Linn Sidary,lsidaryaf@edublogs.org,Masculino,31857.78,0.5450029541871239
377,Gloriane Kramer,gkramerag@noaa.gov,Masculino,18246.53,0.20322497296284753
378,Elayne MacIllrick,emacillrickah@indiegogo.com,Femenino,29926.212606132074,0.49650136877249873
379,Gordan De La Coste,gdeai@reference.com,Femenino,36929.56,0.6723551613402994
380,Ralph Tinline,rtinlineaj@godaddy.com,Femenino,48218.22,0.9558129940542118
381,Tera Dahlen,tdahlenak@shop-pro.jp,Femenino,46703.93,0.9177892284788157
382,Leoine Awdry,lawdryal@dot.gov,Femenino,44743.24,0.8685563755074409
383,Nata Merrisson,nmerrissonam@so-net.ne.jp,Femenino,34394.65,0.6087036655272602
384,Linette Heintzsch,lheintzschan@addthis.com,Femenino,19754.25,0.24108376608261728
385,Dorri Ivashinnikov,divashinnikovao@hexun.com,Masculino,30743.11,0.517013631947707
386,Rosalinde Tofpik,rtofpikap@livejournal.com,Masculino,15390.08,0.13149961970961332
387,Carmina Enstone,censtoneaq@e-recht24.de,Femenino,18664.12,0.21371064233042547
388,Tannie Dener,tdenerar@cnbc.com,Masculino,11217.87,0.026735581796582697
389,Roxanna Mashro,rmashroas@epa.gov,Femenino,47223.42,0.9308336030561836
390,Lewes Greensted,lgreenstedat@webnode.com,Femenino,31572.28,0.5378340598064071
391,Norina Miskin,nmiskinau@photobucket.com,Masculino,13786.61,0.09123654765130196
392,Giffy Linnit,glinnitav@posterous.com,Femenino,37817.84,0.6946598391003802
393,Carlos Rothery,crotheryaw@cnbc.com,Femenino,10539.26,0.009695709937744879
394,Lissi Meriott,lmeriottax@mlb.com,Femenino,34131.04,0.6020844282323364
395,Devi Meus,dmeusay@acquirethisname.com,Femenino,31168.29,0.527689885932972
396,Dacie Sexcey,dsexceyaz@arizona.edu,Masculino,25045.09,0.3739365616877711
397,Corene Guerola,cguerolab0@gizmodo.com,Femenino,12904.16,0.06907826097437203
398,Brant Swaffield,bswaffieldb1@guardian.co.uk,Masculino,29926.212606132074,0.49650136877249873
399,Theresa Oakwell,toakwellb2@networkadvertising.org,Femenino,46109.95,0.9028744127721321
400,Base Morling,bmorlingb3@noaa.gov,Femenino,15929.22,0.14503740505609186
401,Letta Janos,ljanosb4@flickr.com,Masculino,18278.85,0.20403652696069258
402,Xenos Martyns,xmartynsb5@mail.ru,Femenino,29926.212606132074,0.49650136877249873
403,Egbert Coolican,ecoolicanb6@yellowbook.com,Masculino,42966.86,0.823951539780584
404,Sharl Shorbrook,sshorbrookb7@umich.edu,Masculino,27911.58,0.44591401896756366
405,Rowen Noad,rnoadb8@hp.com,Masculino,29926.212606132074,0.49650136877249873
406,Arlena Illingworth,aillingworthb9@stanford.edu,Masculino,13042.96,0.07256352381165215
407,Andria Gillian,agillianba@phoca.cz,Femenino,23209.45,0.327843709565113
408,Orelie Latchford,olatchfordbb@themeforest.net,Femenino,23089.53,0.32483252282558384
409,Nikkie Splaven,nsplavenbc@theatlantic.com,Masculino,26079.53,0.39991131161137405
410,Van Pring,vpringbd@g.co,Femenino,29926.212606132074,0.49650136877249873
411,Ursula Rookeby,urookebybe@networksolutions.com,Masculino,29926.212606132074,0.49650136877249873
412,Loydie Carwithim,lcarwithimbf@sbwire.com,Femenino,46074.94,0.9019953129743429
413,Sherrie Longwood,slongwoodbg@parallels.com,Femenino,36853.36,0.670441782174588
414,Grace Elcom,gelcombh@hugedomains.com,Femenino,19703.66,0.23981345306433194
415,Valeda Malser,vmalserbi@miitbeian.gov.cn,Masculino,49047.71,0.9766414571010095
416,Maressa Alvaro,malvarobj@elegantthemes.com,Masculino,22359.57,0.3065032543767292
417,Davida Wreath,dwreathbk@bbc.co.uk,Femenino,42216.24,0.8051034995001861
418,Scot Beslier,sbeslierbl@scribd.com,Femenino,37453.99,0.6855235791339221
419,Wanids Apfler,wapflerbm@java.com,Masculino,44004.83,0.8500149278728873
420,Son Yapp,syappbn@furl.net,Femenino,14035.49,0.09748591519411381
421,Cosmo Grumell,cgrumellbo@topsy.com,Femenino,48936.1,0.9738389341523866
422,Imogene Clipson,iclipsonbp@umn.edu,Femenino,35053.11,0.6252375716355851
423,Patricio Sancroft,psancroftbq@sbwire.com,Femenino,24629.79,0.3635083941350158
424,Brewster Blackborow,bblackborowbr@npr.org,Masculino,13603.02,0.08662660958000323
425,Ryann Smeaton,rsmeatonbs@amazon.co.jp,Femenino,30421.66,0.5089420344041644
426,Mortie Costelow,mcostelowbt@people.com.cn,Masculino,39720.36,0.7424320455354109
427,Patricio Alsford,palsfordbu@epa.gov,Masculino,49610.3,0.9907680710752563
428,Tristan Stanes,tstanesbv@army.mil,Masculino,29926.212606132074,0.49650136877249873
429,Dene Croose,dcroosebw@infoseek.co.jp,Masculino,23340.0,0.3311218152092551
430,Chad Haycroft,chaycroftbx@paypal.com,Femenino,35688.31,0.6411874200090746
431,Marnie Nelles,mnellesby@cbsnews.com,Femenino,17362.31,0.18102224165175346
432,Allix Carillo,acarillobz@zdnet.com,Femenino,29926.212606132074,0.49650136877249873
433,Tabby Ties,ttiesc0@weather.com,Masculino,34481.84,0.6108930031841943
434,Saw Harkes,sharkesc1@latimes.com,Femenino,25299.64,0.3803283027196851
435,Clarke Simmell,csimmellc2@dyndns.org,Femenino,10248.5,0.002394737152675852
436,Rowney Stone Fewings,rstonec3@myspace.com,Femenino,24998.06,0.3727556401370703
437,Jourdain Barnshaw,jbarnshawc4@vistaprint.com,Femenino,25818.57,0.39335861571788244
438,Dilan Streeting,dstreetingc5@comsenz.com,Masculino,29926.212606132074,0.49650136877249873
439,Timmie Summerskill,tsummerskillc6@indiegogo.com,Masculino,29926.212606132074,0.49650136877249873
440,Brittaney Borley,bborleyc7@multiply.com,Masculino,13710.1,0.08931538439712111
441,Jilleen Camillo,jcamilloc8@businessinsider.com,Femenino,35373.4,0.6332800416222744
442,Kinny Aitken,kaitkenc9@drupal.org,Masculino,43112.18,0.8276005195753503
443,Tuckie Dolder,tdolderca@theguardian.com,Masculino,29926.212606132074,0.49650136877249873
444,Anders Dicke,adickecb@discovery.com,Femenino,45183.9,0.8796213317169214
445,Gwendolin Woodier,gwoodiercc@amazon.com,Masculino,29926.212606132074,0.49650136877249873
446,Noni Djekic,ndjekiccd@ocn.ne.jp,Femenino,18313.84,0.20491512455922595
447,Uriel Yannikov,uyannikovce@hp.com,Masculino,19544.87,0.23582624207058756
448,Thalia Epton,teptoncf@free.fr,Femenino,29962.74,0.4974185702738718
449,Sissie Hewlings,shewlingscg@mapy.cz,Masculino,41971.72,0.7989636113952024
450,Hinze Pucker,hpuckerch@nature.com,Masculino,37459.54,0.6856629394274878
451,Kelsey Singleton,ksingletonci@themeforest.net,Femenino,29926.212606132074,0.49650136877249873
452,Neddie Trendle,ntrendlecj@timesonline.co.uk,Femenino,22828.31,0.3182732983417632
453,Aguste Gorelli,agorellick@google.pl,Femenino,38284.03,0.7063658526602623
454,Warden Gonzalez,wgonzalezcl@1und1.de,Femenino,35235.35,0.6298136112570976
455,Vinny Domnin,vdomnincm@oracle.com,Femenino,29926.212606132074,0.49650136877249873
456,Sammie Rodway,srodwaycn@mapy.cz,Masculino,39324.41,0.7324897557629249
457,Andrew Jays,ajaysco@addthis.com,Masculino,25788.38,0.3926005459408113
458,Silvan Bewley,sbewleycp@i2i.jp,Masculino,15607.59,0.13696128771924448
459,Filip Gotthard.sf,fgotthardsfcq@ucoz.ru,Masculino,29926.212606132074,0.49650136877249873
460,Katheryn Ingold,kingoldcr@census.gov,Masculino,22477.7,0.3094694942828381
461,Melosa Wyles,mwylescs@mayoclinic.com,Femenino,10284.06,0.0032876474300078673
462,Ruperto Robiou,rrobiouct@paypal.com,Femenino,38903.21,0.721913439429622
463,Thedric Clevely,tclevelycu@exblog.jp,Femenino,29926.212606132074,0.49650136877249873
464,Flemming Lewsam,flewsamcv@slate.com,Masculino,41988.32,0.7993804367777589
465,Fayth Adame,fadamecw@mit.edu,Femenino,21123.96,0.27547713323572254
466,Justis Quarless,jquarlesscx@mozilla.org,Femenino,25872.35,0.3947090295175145
467,Leonelle Cowdery,lcowderycy@businessweek.com,Femenino,19636.66,0.23813108555642293
468,Jarred Duffil,jduffilcz@constantcontact.com,Masculino,49825.29,0.9961664619786198
469,Colas Fey,cfeyd0@netscape.com,Femenino,25415.07,0.3832267457262215
470,Katerine Spinola,kspinolad1@geocities.jp,Masculino,29926.212606132074,0.49650136877249873
471,Ruthy Wildash,rwildashd2@eepurl.com,Femenino,34792.62,0.6186966774246118
472,Cleveland Stuckley,cstuckleyd3@rambler.ru,Masculino,19831.57,0.24302526840666988
473,Berna Spincks,bspincksd4@vimeo.com,Femenino,11159.67,0.02527418196135428
474,Isak Ragge,iragged5@mayoclinic.com,Femenino,45091.82,0.8773092063418725
475,Avivah Tatlow,atatlowd6@nymag.com,Masculino,34855.58,0.6202776006827901
476,Eugine Sympson,esympsond7@guardian.co.uk,Femenino,11402.12,0.03136209244333249
477,Nissa Ventom,nventomd8@java.com,Masculino,45871.24,0.8968804135510432
478,Sal Boynes,sboynesd9@mit.edu,Femenino,41216.02,0.7799880125037569
479,Carr Tillett,ctillettda@examiner.com,Femenino,29926.212606132074,0.49650136877249873
480,Robbert Streeting,rstreetingdb@moonfruit.com,Masculino,29548.44,0.48701551268392096
481,Brander Warrior,bwarriordc@plala.or.jp,Femenino,33491.83,0.5860338889080003
482,Louis Huyhton,lhuyhtondd@cbslocal.com,Masculino,29926.212606132074,0.49650136877249873
483,Bo Splevins,bsplevinsde@scribd.com,Femenino,17067.46,0.17361856911881351
484,Silvanus Gillard,sgillarddf@yahoo.com,Femenino,14531.48,0.10994020564557333
485,Bartholomeus Ege,begedg@lulu.com,Femenino,31412.87,0.5338312806357239
486,Ardys Paradyce,aparadycedh@soundcloud.com,Femenino,38192.35,0.7040637712703355
487,Michaelina Renbold,mrenbolddi@apache.org,Masculino,46386.57,0.9098203306831442
488,Colman Fulker,cfulkerdj@opensource.org,Femenino,48252.07,0.9566629662951479
489,Janice Greenlees,jgreenleesdk@state.gov,Femenino,29444.02,0.4843935303678635
490,Garwood Drugan,gdrugandl@harvard.edu,Masculino,16119.46,0.14981432438004127
491,Kellen Mussolini,kmussolinidm@illinois.edu,Masculino,42626.59,0.8154073727370587
492,Fawne Gillitt,fgillittdn@discovery.com,Femenino,21703.56,0.2900308676772757
493,Hedda Downton,hdowntondo@ca.gov,Femenino,40222.46,0.7550397578596065
494,Cristin Dawley,cdawleydp@cpanel.net,Femenino,28111.13,0.450924712045224
495,Cassie Kemmet,ckemmetdq@csmonitor.com,Femenino,29926.212606132074,0.49650136877249873
496,Jade Josephov,jjosephovdr@bandcamp.com,Masculino,34841.2,0.6199165194176597
497,Donielle Chaudret,dchaudretds@cbc.ca,Femenino,10267.71,0.0028770995381524056
498,Rudyard Allberry,rallberrydt@cbsnews.com,Masculino,41727.16,0.7928227188917064
499,Cristabel Olander,colanderdu@constantcontact.com,Masculino,44801.97,0.8700310836229558
500,Renata Caslett,rcaslettdv@jimdo.com,Masculino,23160.51,0.32661482798545527
501,Marven Leathlay,mleathlaydw@bluehost.com,Femenino,48583.65,0.9649889277619011
502,Myrta Vant,mvantdx@so-net.ne.jp,Femenino,14430.05,0.10739330211830156
503,Boigie Francescozzi,bfrancescozzidy@nydailynews.com,Femenino,18030.74,0.19780649408924034
504,Chryste Caroli,ccarolidz@marketwatch.com,Femenino,19205.7,0.2273096959861473
505,Akim Murford,amurforde0@icq.com,Masculino,39844.09,0.7455389012332255
506,Zabrina Bellows,zbellowse1@nymag.com,Masculino,17471.82,0.1837720336784865
507,Neila Sushams,nsushamse2@phoca.cz,Femenino,34276.63,0.6057401877170598
508,Dionisio Borley,dborleye3@homestead.com,Femenino,43523.18,0.8379207142880459
509,Jessamine Dutnell,jdutnelle4@intel.com,Masculino,29926.212606132074,0.49650136877249873
510,Tremayne Bohlens,tbohlense5@economist.com,Masculino,20056.44,0.24867174574254303
511,Vinson Greenlees,vgreenleese6@bbc.co.uk,Femenino,23037.13,0.3235167607746222
512,Emalee Swinglehurst,eswinglehurste7@eventbrite.com,Masculino,16906.98,0.16958892228792938
513,Margalit Ruddy,mruddye8@hugedomains.com,Femenino,25343.08,0.3814190795039175
514,Bron Asling,baslinge9@deliciousdays.com,Masculino,16745.97,0.16554596717675885
515,Seward Perello,sperelloea@google.it,Femenino,25754.75,0.3917560978916922
516,Serge Nobbs,snobbseb@fema.gov,Femenino,24684.72,0.36488768439187313
517,Koo Purdey,kpurdeyec@yolasite.com,Femenino,37425.4,0.6848056852973383
518,Devondra Spedding,dspeddinged@examiner.com,Femenino,23064.67,0.32420828915026123
519,Samson Wellbelove,swellbeloveee@w3.org,Femenino,48298.29,0.9578235487759771
520,Alberta Vallack,avallackef@ustream.tv,Femenino,13966.09,0.09574328377547375
521,Lois Bayley,lbayleyeg@salon.com,Masculino,40049.68,0.7507012584862257
522,Myrta Dibben,mdibbeneh@elegantthemes.com,Masculino,29248.79,0.479491312329519
523,Conway McOrkil,cmcorkilei@sciencedirect.com,Femenino,36045.27,0.6501506723318089
524,Luis Baine,lbaineej@creativecommons.org,Masculino,34004.02,0.5988949607568945
525,Louis La Vigne,llaek@hc360.com,Femenino,32777.2,0.5680895561889403
526,Thorny Floris,tflorisel@creativecommons.org,Femenino,41714.82,0.7925128619506975
527,Minnie Hannond,mhannondem@berkeley.edu,Femenino,33981.98,0.598341537176681
528,Revkah Vallis,rvallisen@ftc.gov,Femenino,11923.06,0.04444287646676709
529,Gisella Szapiro,gszapiroeo@furl.net,Femenino,26231.16,0.4037187352714374
530,Rozalin Benfield,rbenfieldep@wufoo.com,Masculino,29733.12,0.49165282061467674
531,Geoffrey Lawie,glawieeq@dailymail.co.uk,Femenino,15887.29,0.14398454431569452
532,Darsie Gleeson,dgleesoner@telegraph.co.uk,Masculino,33444.08,0.5848348881840801
533,Charlotta Wadhams,cwadhamses@wunderground.com,Masculino,22688.08,0.3147521282576724
534,Emili Carnihan,ecarnihanet@examiner.com,Masculino,10213.53,0.0015166417533986065
535,Mirabel Gotts,mgottseu@sina.com.cn,Femenino,46112.47,0.9029376898784
536,Artie Suddell,asuddellev@wordpress.org,Masculino,32991.89,0.5734804141034625
537,Nathanael Rosenbush,nrosenbushew@google.ca,Masculino,29926.212606132074,0.49650136877249873
538,Katrina Corcut,kcorcutex@myspace.com,Femenino,45705.7,0.8927237103083677
539,Dorey Minnette,dminnetteey@howstuffworks.com,Masculino,30334.02,0.5067413972639682
540,Elliot Barg,ebargez@free.fr,Masculino,28288.74,0.4553844925389512
541,Merill Roscamp,mroscampf0@xrea.com,Masculino,39023.97,0.7249457185379071
542,Horace Boraston,hborastonf1@un.org,Masculino,33325.11,0.5818475559092154
543,Dyanna Emloch,demlochf2@ebay.com,Femenino,27963.37,0.44721446394121445
544,Elie Newiss,enewissf3@cocolog-nifty.com,Masculino,17316.05,0.17986065477241203
545,Debi Balk,dbalkf4@miibeian.gov.cn,Masculino,26319.38,0.40593393619006035
546,Otto Dasent,odasentf5@wsj.com,Femenino,12115.56,0.0492765443066549
547,Erasmus Reekie,ereekief6@fema.gov,Masculino,23034.48,0.32345021937318996
548,Ronnie Bertenshaw,rbertenshawf7@uol.com.br,Masculino,31171.28,0.5277649647217577
549,Marlo Venner,mvennerf8@yahoo.com,Masculino,44165.8,0.8540568785855457
550,Richmound Benstead,rbensteadf9@imdb.com,Femenino,14537.55,0.11009262311979734
551,Aubrette Buckby,abuckbyfa@un.org,Femenino,29926.212606132074,0.49650136877249873
552,Conny Dayce,cdaycefb@salon.com,Femenino,35440.34,0.6349609025324149
553,Enrica Wilcocks,ewilcocksfc@arstechnica.com,Masculino,30181.25,0.5029053482463076
554,Kym Yourell,kyourellfd@phoca.cz,Masculino,10840.53,0.017260588431890378
555,Piper Fader,pfaderfe@shareasale.com,Femenino,27158.36,0.42700069278387376
556,Jaimie Creddon,jcreddonff@patch.com,Masculino,28556.92,0.46211848236389197
557,Benita Cathie,bcathiefg@si.edu,Masculino,36066.44,0.6506822502443828
558,Oliy Valasek,ovalasekfh@free.fr,Masculino,27712.05,0.4409038280891594
559,Janene Glynn,jglynnfi@scientificamerican.com,Masculino,29926.212606132074,0.49650136877249873
560,Eolanda d' Elboux,edfj@fc2.com,Femenino,33805.74,0.593916157331996
561,Gunther Impett,gimpettfk@xing.com,Masculino,29926.212606132074,0.49650136877249873
562,Donny Cejka,dcejkafl@thetimes.co.uk,Masculino,25683.84,0.38997555042921717
563,Dee dee Brigshaw,ddeefm@dyndns.org,Femenino,17673.47,0.18883545767803656
564,Murray Boyfield,mboyfieldfn@opera.com,Femenino,15104.92,0.12433926271625012
565,Rochell Rowaszkiewicz,rrowaszkiewiczfo@dion.ne.jp,Masculino,16202.34,0.15189543809728756
566,Tess Goracci,tgoraccifp@opera.com,Femenino,43966.54,0.8490534673970987
567,Mildrid Kenrick,mkenrickfq@harvard.edu,Femenino,32730.19,0.5669091368374956
568,Imelda Rolfini,irolfinifr@elegantthemes.com,Femenino,10939.59,0.019747981347315258
569,Dari Jacobsohn,djacobsohnfs@rambler.ru,Masculino,41140.75,0.7780979856034539
570,Lucretia Lesor,llesorft@ycombinator.com,Femenino,29926.212606132074,0.49650136877249873
571,Wynn Tolworthy,wtolworthyfu@nyu.edu,Masculino,47576.38,0.9396964155276996
572,Dorena Mabley,dmableyfv@cocolog-nifty.com,Femenino,41001.01,0.7745891194011375
573,Ezmeralda Ausello,eausellofw@census.gov,Masculino,40115.15,0.7523452077510436
574,Sondra Marking,smarkingfx@yolasite.com,Femenino,29926.212606132074,0.49650136877249873
575,Tonia Holwell,tholwellfy@census.gov,Masculino,45281.01,0.8820597602048771
576,Truda Muselli,tmusellifz@soup.io,Masculino,36865.37,0.6707433528278715
577,Ferguson Brickham,fbrickhamg0@ovh.net,Masculino,23871.14,0.34445872085329676
578,Ellis Crudgington,ecrudgingtong1@yandex.ru,Masculino,33822.07,0.5943262030245954
579,Cornelia Diggins,cdigginsg2@sitemeter.com,Femenino,29926.212606132074,0.49650136877249873
580,Gaelan Bugge,gbuggeg3@tinyurl.com,Masculino,49230.52,0.9812318094013205
581,Merilee Reynold,mreynoldg4@canalblog.com,Masculino,14069.76,0.09834643361942785
582,Emelen Tallis,etallisg5@mtv.com,Masculino,21763.24,0.2915294302574549
583,Barnard Pinckard,bpinckardg6@posterous.com,Masculino,13828.07,0.09227760670918117
584,Salaidh Lakey,slakeyg7@wikispaces.com,Femenino,32203.75,0.5536902480186355
585,Cindelyn Ashlin,cashling8@geocities.com,Femenino,21231.12,0.27816791684986475
586,Skipper Danser,sdanserg9@upenn.edu,Masculino,14281.02,0.10365116436153021
587,Elna Dowrey,edowreyga@scribd.com,Masculino,42742.88,0.818327410311607
588,Berte Ashborn,bashborngb@ovh.net,Masculino,29240.77,0.47928993042782597
589,Atlante Bernaert,abernaertgc@intel.com,Femenino,38355.67,0.7081647303955848
590,Hilario Coales,hcoalesgd@shutterfly.com,Masculino,48407.09,0.9605555127291189
591,Quintus Maes,qmaesge@blogtalkradio.com,Masculino,37399.17,0.6841470509729732
592,Osborne Ribbon,oribbongf@cisco.com,Femenino,23622.7,0.33822040169411893
593,Jackie Trask,jtraskgg@economist.com,Masculino,18592.22,0.2119052360047739
594,Stephanus Eustice,seusticegh@360.cn,Masculino,31441.85,0.5345589673578016
595,Zack Doogue,zdooguegi@smh.com.au,Masculino,29926.212606132074,0.49650136877249873
596,Mignon Beamson,mbeamsongj@friendfeed.com,Femenino,29926.212606132074,0.49650136877249873
597,Kizzee Conre,kconregk@google.de,Femenino,43188.47,0.8295161586377141
598,Alard Eltringham,aeltringhamgl@miibeian.gov.cn,Femenino,26368.66,0.4071713551570716
599,Jeanne Garling,jgarlinggm@printfriendly.com,Femenino,46509.45,0.9129058429125748
600,Brook Cullip,bcullipgn@domainmarket.com,Femenino,29926.212606132074,0.49650136877249873
601,Roseanne Tompsett,rtompsettgo@weather.com,Masculino,19526.28,0.23535944786204982
602,Marion Totaro,mtotarogp@diigo.com,Femenino,29118.44,0.4762182286779377
603,Cariotta Symonds,csymondsgq@miibeian.gov.cn,Femenino,29926.212606132074,0.49650136877249873
604,Aharon Redshaw,aredshawgr@miibeian.gov.cn,Femenino,18552.96,0.21091941886506477
605,Jeane Weaving,jweavinggs@liveinternet.ru,Masculino,13968.01,0.09579149490405858
606,Frankie Clamp,fclampgt@exblog.jp,Femenino,47274.81,0.9321240040447126
607,Verine Harsent,vharsentgu@cafepress.com,Masculino,22152.65,0.301307500873199
608,Parrnell O'Scully,poscullygv@usgs.gov,Femenino,49566.42,0.9896662459073898
609,Tove McWhirter,tmcwhirtergw@sina.com.cn,Femenino,10153.13,0.0
610,Kevon Begley,kbegleygx@cocolog-nifty.com,Femenino,35623.16,0.6395515059323543
611,Ricoriki Filer,rfilergy@opensource.org,Masculino,29926.212606132074,0.49650136877249873
612,Evelyn Shimmans,eshimmansgz@timesonline.co.uk,Masculino,36744.45,0.6677070561255376
613,Eddy Gain,egainh0@qq.com,Femenino,24179.92,0.3522121751681049
614,Aurel MacPeice,amacpeiceh1@mlb.com,Femenino,18022.18,0.1975915528076328
615,Mathew Goodliff,mgoodliffh2@slashdot.org,Femenino,25097.79,0.3752598567275742
616,Niven Wing,nwingh3@liveinternet.ru,Masculino,26989.69,0.4227653953576198
617,Ulberto Cochrane,ucochraneh4@psu.edu,Masculino,29926.212606132074,0.49650136877249873
618,Kippie Greveson,kgrevesonh5@businessinsider.com,Masculino,21012.51,0.2726786278811485
619,Dorian Kennally,dkennallyh6@free.fr,Masculino,29926.212606132074,0.49650136877249873
620,Saunderson Dyche,sdycheh7@archive.org,Femenino,45503.95,0.8876577753125373
621,Murry Hitcham,mhitchamh8@histats.com,Femenino,25650.39,0.3891356221734028
622,Riobard Minton,rmintonh9@amazon.de,Femenino,41858.59,0.7961229213031166
623,Stepha Bernollet,sbernolletha@house.gov,Masculino,19495.29,0.23458129011473494
624,Mason Heinicke,mheinickehb@mit.edu,Masculino,32488.49,0.5608400588276209
625,Clayborne Ghilardini,cghilardinihc@surveymonkey.com,Femenino,22829.43,0.3183014215001043
626,Joseph Greenroa,jgreenroahd@diigo.com,Masculino,11049.42,0.02250580856214579
627,Jacquette Newcomen,jnewcomenhe@merriam-webster.com,Femenino,48449.69,0.9616251971445954
628,Mandie Duckett,mducketthf@joomla.org,Masculino,23646.36,0.33881450341407604
629,Dianne Stickells,dstickellshg@un.org,Masculino,29926.212606132074,0.49650136877249873
630,Carla Itzhayek,citzhayekhh@addtoany.com,Masculino,37093.5,0.6764716886424875
631,Eveleen Maidens,emaidenshi@wisc.edu,Femenino,15085.68,0.12385614703188941
632,Catrina Stobo,cstobohj@mozilla.com,Masculino,23613.56,0.33799089663408477
633,Theo Domino,tdominohk@taobao.com,Masculino,13288.88,0.07873856586456235
634,Gnni Gurling,ggurlinghl@cnn.com,Femenino,16503.35,0.15945378800110377
635,Trefor Zamudio,tzamudiohm@microsoft.com,Femenino,29926.212606132074,0.49650136877249873
636,Filbert Gapp,fgapphn@webmd.com,Femenino,25637.85,0.38882074323983296
637,Auberta Wickman,awickmanho@diigo.com,Masculino,35921.89,0.647052605120976
638,Camella Baily,cbailyhp@washingtonpost.com,Femenino,40943.11,0.7731352525547502
639,Elise Otley,eotleyhq@myspace.com,Masculino,27116.35,0.4259458232464519
640,Merci Farebrother,mfarebrotherhr@sohu.com,Masculino,19537.85,0.2356499701316992
641,Lettie Tees,lteeshs@unc.edu,Masculino,12701.98,0.06400152869453551
642,Leon Lefwich,llefwichht@ca.gov,Femenino,45798.37,0.8950506505614714
643,Tiphany Gianulli,tgianullihu@symantec.com,Masculino,12113.51,0.049225068882905454
644,Ogdan Pietrowski,opietrowskihv@auda.org.au,Femenino,14718.0,0.11462371590788961
645,Lavinie Collidge,lcollidgehw@youtu.be,Femenino,12157.79,0.05033693803589373
646,Teressa Meecher,tmeecherhx@amazon.de,Femenino,42216.27,0.8051042527990703
647,Gordon Madgwick,gmadgwickhy@netscape.com,Masculino,29926.212606132074,0.49650136877249873
648,Reyna Levet,rlevethz@flickr.com,Masculino,23561.74,0.3366896983615498
649,Gaven Yurov,gyurovi0@scribd.com,Masculino,14253.01,0.10294783430337306
650,Cosette Gocke,cgockei1@fastcompany.com,Masculino,22490.14,0.3097818622201275
651,Dorice Izhakov,dizhakovi2@columbia.edu,Masculino,11643.36,0.03741961987031711
652,Eddy Costain,ecostaini3@theguardian.com,Masculino,29926.212606132074,0.49650136877249873
653,Valerie Shalliker,vshallikeri4@liveinternet.ru,Femenino,17486.98,0.18415270071460438
654,Deidre Rihanek,drihaneki5@gizmodo.com,Femenino,45703.86,0.8926775079768073
655,Yolande Harraway,yharrawayi6@github.com,Masculino,49681.97,0.9925677021094629
656,Des Furmage,dfurmagei7@lulu.com,Masculino,10588.67,0.010936393199920735
657,Karoline Van De Cappelle,kvani8@gov.uk,Masculino,23421.06,0.33315722879419696
658,Inez Tieraney,itieraneyi9@linkedin.com,Femenino,23947.76,0.3463826462033861
659,Renaldo Ownsworth,rownsworthia@dedecms.com,Femenino,18185.5,0.20169251193288207
660,Erskine Haylands,ehaylandsib@squarespace.com,Femenino,44279.77,0.8569186610463871
661,Sibel Petruska,spetruskaic@baidu.com,Femenino,31743.06,0.5421223392541789
662,Johnette Bowart,jbowartid@businesswire.com,Femenino,34994.35,0.623762110221186
663,Noel Sainer,nsainerie@nps.gov,Femenino,47920.86,0.9483462955146323
664,Rey Swanwick,rswanwickif@photobucket.com,Masculino,41484.96,0.7867410859004295
665,Travus Humbell,thumbellig@1688.com,Masculino,32380.07,0.5581176366603448
666,Catherin Bontein,cbonteinih@wikipedia.org,Masculino,47664.49,0.9419088543504138
667,Munroe Jobey,mjobeyii@bandcamp.com,Femenino,26229.05,0.4036657532499196
668,Dario McShee,dmcsheeij@cnn.com,Masculino,24413.88,0.358086902065872
669,Noah Lebbon,nlebbonik@house.gov,Masculino,29926.212606132074,0.49650136877249873
670,Brod Condliffe,bcondliffeil@about.me,Masculino,16496.11,0.15927199187039842
671,Evie Duns,edunsim@weibo.com,Masculino,17806.78,0.19218286681951935
672,Corly MacTimpany,cmactimpanyin@cnn.com,Femenino,29926.212606132074,0.49650136877249873
673,Kimberlee Mooreed,kmooreedio@pagesperso-orange.fr,Masculino,48970.11,0.9746929239873717
674,Rivy Aarons,raaronsip@wired.com,Masculino,16279.66,0.15383694042134016
675,Doroteya D'Aubney,ddaubneyiq@ted.com,Femenino,14603.74,0.11175465155783465
676,Bobby Niblock,bniblockir@ucla.edu,Masculino,40640.46,0.7655357223119345
677,Ruthi Deboick,rdeboickis@naver.com,Masculino,28428.75,0.4589001384312249
678,Deerdre Summerly,dsummerlyit@cnbc.com,Femenino,47712.13,0.9431050929784256
679,Morris Champagne,mchampagneiu@ustream.tv,Masculino,36766.61,0.668263492901288
680,Dona Roundtree,droundtreeiv@noaa.gov,Femenino,29926.212606132074,0.49650136877249873
681,Panchito Ottley,pottleyiw@mozilla.org,Masculino,41402.74,0.784676544758634
682,Piper Shemmin,pshemminix@nature.com,Masculino,18832.74,0.21794468425853925
683,Victor Harring,vharringiy@dropbox.com,Femenino,35313.39,0.6317731927543695
684,Vladamir Ovid,vovidiz@mediafire.com,Masculino,29947.9,0.49704593842585143
685,Con O'Brallaghan,cobrallaghanj0@yahoo.com,Femenino,44028.8,0.8506168136813138
686,Tyne Bruinemann,tbruinemannj1@webmd.com,Masculino,33475.7,0.5856288652079619
687,Billy Sloane,bsloanej2@amazon.co.jp,Masculino,14157.51,0.1005498328555326
688,Lucine Bareham,lbarehamj3@dailymotion.com,Masculino,29926.212606132074,0.49650136877249873
689,Susanne Petzolt,spetzoltj4@chron.com,Femenino,42408.02,0.8099190881668547
690,Neill Faltskog,nfaltskogj5@ihg.com,Masculino,20033.8,0.24810325618464657
691,Klarika Parradice,kparradicej6@prnewswire.com,Femenino,29926.212606132074,0.49650136877249873
692,Joletta MacAughtrie,jmacaughtriej7@ucsd.edu,Masculino,34365.36,0.6079681947167132
693,Doti Anthill,danthillj8@reverbnation.com,Femenino,23095.59,0.32498468920017987
694,Cornelle Sigert,csigertj9@amazon.de,Masculino,30306.05,0.5060390716043232
695,Jodi Gilvary,jgilvaryja@sogou.com,Femenino,48538.57,0.9638569706386694
696,Hedvig Hammant,hhammantjb@yelp.com,Masculino,43680.38,0.8418680004409308
697,Therese Clingoe,tclingoejc@spiegel.de,Masculino,41265.09,0.7812201583785793
698,Rodolph Sneaker,rsneakerjd@twitpic.com,Femenino,33832.71,0.5945933730288364
699,Tina Bicknell,tbicknellje@skype.com,Femenino,35149.49,0.6276576698506935
700,Raddie Triswell,rtriswelljf@reverbnation.com,Femenino,13842.43,0.09263818577505539
701,Lauren Trainer,ltrainerjg@army.mil,Femenino,23503.56,0.3352288007255775
702,Foster Billington,fbillingtonjh@cbc.ca,Femenino,20251.2,0.25356216209836924
703,Alden Chrichton,achrichtonji@toplist.cz,Masculino,13059.46,0.07297783819792825
704,Davon Hampshaw,dhampshawjj@example.com,Masculino,28137.0,0.4515743067829793
705,Weston Humbles,whumblesjk@lycos.com,Masculino,32577.4,0.5630725856205789
706,Blanche Able,bablejl@intel.com,Masculino,19849.37,0.24347222574459193
707,Neil Kleinholz,nkleinholzjm@meetup.com,Femenino,36167.69,0.6532246339783497
708,Javier Arrighini,jarrighinijn@artisteer.com,Femenino,29926.212606132074,0.49650136877249873
709,Thaddus Vallow,tvallowjo@mozilla.org,Masculino,27240.02,0.42905117234649837
710,Aeriel Crufts,acruftsjp@noaa.gov,Masculino,44048.6,0.8511139909448452
711,Saree Pawden,spawdenjq@mozilla.com,Femenino,20570.03,0.26156797153936373
712,Mason Sanper,msanperjr@go.com,Masculino,23931.68,0.34597887800148797
713,Karry Parman,kparmanjs@wordpress.org,Femenino,20929.6,0.27059676086501805
714,Kathye Keford,kkefordjt@parallels.com,Femenino,20018.74,0.2477251001448092
715,Killian Craigmyle,kcraigmyleju@marriott.com,Femenino,36214.65,0.6544037978316543
716,Belvia Buckley,bbuckleyjv@cafepress.com,Masculino,39357.74,0.7333266708232024
717,Bibbye Backson,bbacksonjw@hexun.com,Masculino,29926.212606132074,0.49650136877249873
718,Baryram McKibben,bmckibbenjx@163.com,Femenino,35578.08,0.6384195488091223
719,Tandy Parmer,tparmerjy@digg.com,Masculino,16367.64,0.15604611494888992
720,Dacy Gazzard,dgazzardjz@archive.org,Femenino,36495.81,0.6614637149737989
721,Josepha Vanne,jvannek0@google.it,Femenino,15552.92,0.13558852605271637
722,Micah Valenta,mvalentak1@home.pl,Masculino,39204.12,0.729469278337158
723,Harald Laxton,hlaxtonk2@statcounter.com,Femenino,28108.67,0.45086294153672457
724,Alicia Manwaring,amanwaringk3@china.com.cn,Masculino,24835.47,0.36867301128466834
725,Sapphire D'Alessandro,sdalessandrok4@clickbank.net,Femenino,36382.34,0.6586144874943596
726,Kelby Grain,kgraink5@nifty.com,Masculino,20579.56,0.26180726948489175
727,Elizabeth Churcher,echurcherk6@icio.us,Femenino,29926.212606132074,0.49650136877249873
728,Carce Dudley,cdudleyk7@ameblo.jp,Masculino,41952.09,0.7984707028253478
729,Henrik Amott,hamottk8@google.co.uk,Masculino,28554.1,0.46204767226878296
730,Jewelle Vaggs,jvaggsk9@privacy.gov.au,Masculino,46480.0,0.9121663545079789
731,Milka Greim,mgreimka@chronoengine.com,Masculino,29926.212606132074,0.49650136877249873
732,Ben Rollason,brollasonkb@mozilla.com,Femenino,29926.212606132074,0.49650136877249873
733,Ginelle Cassely,gcasselykc@hao123.com,Femenino,21777.03,0.2918756966445305
734,Sena Walls,swallskd@google.com.au,Masculino,27143.99,0.4266398626183715
735,Niccolo Exposito,nexpositoke@angelfire.com,Femenino,16929.97,0.17016620033280744
736,Lyndsay Gallimore,lgallimorekf@about.com,Femenino,31468.64,0.5352316632613372
737,Everett Goulborne,egoulbornekg@fotki.com,Masculino,25351.57,0.3816322630881287
738,Dagny Brummell,dbrummellkh@fema.gov,Masculino,12888.14,0.0686759993702421
739,Beverley Seward,bsewardki@google.de,Masculino,35894.57,0.6463666009371539
740,Fredra Lowery,flowerykj@tripod.com,Masculino,47790.74,0.9450789871544961
741,Tonnie Egleton,tegletonkk@si.edu,Femenino,21313.57,0.28023823328310504
742,Vince Sherreard,vsherreardkl@amazonaws.com,Masculino,29926.212606132074,0.49650136877249873
743,Asa Stang-Gjertsen,astanggjertsenkm@twitter.com,Masculino,31737.75,0.5419890053516864
744,Brigida Neller,bnellerkn@barnesandnoble.com,Masculino,28762.65,0.46728435501168486
745,Hallie Tallowin,htallowinko@comcast.net,Masculino,40080.52,0.7514756497391198
746,Tirrell Blindmann,tblindmannkp@ebay.co.uk,Femenino,13632.78,0.08737388207306851
747,Charlean Gerin,cgerinkq@ehow.com,Masculino,33950.62,0.5975540887431283
748,Yankee Bounde,yboundekr@mail.ru,Masculino,15177.83,0.12617003010433442
749,Mitzi Maggorini,mmaggoriniks@pcworld.com,Femenino,11665.01,0.037963250565036966
750,Courtenay Vidineev,cvidineevkt@adobe.com,Masculino,29926.212606132074,0.49650136877249873
751,Emmalyn Barg,ebargku@prweb.com,Masculino,29926.212606132074,0.49650136877249873
752,Johnathon Maudson,jmaudsonkv@guardian.co.uk,Femenino,29926.212606132074,0.49650136877249873
753,June Haselden,jhaseldenkw@ezinearticles.com,Masculino,29926.212606132074,0.49650136877249873
754,Ketty Dourin,kdourinkx@last.fm,Femenino,29926.212606132074,0.49650136877249873
755,Rici Moody,rmoodyky@marriott.com,Masculino,46323.87,0.9082459360152949
756,Massimo Levy,mlevykz@mac.com,Femenino,31318.15,0.5314528649588711
757,Trent Seldner,tseldnerl0@google.com.au,Femenino,27558.85,0.43705698178749275
758,Rey Alessandone,ralessandonel1@bbb.org,Masculino,17200.41,0.17695693867368673
759,Benni Whittington,bwhittingtonl2@moonfruit.com,Masculino,36793.03,0.6689268981185857
760,Chip Bellany,cbellanyl3@yelp.com,Femenino,38114.5,0.7021089606659965
761,Waldemar Cremins,wcreminsl4@sfgate.com,Femenino,29926.212606132074,0.49650136877249873
762,Brande Kops,bkopsl5@tripod.com,Femenino,49362.03,0.9845340206097551
763,Hakeem Glawsop,hglawsopl6@wired.com,Masculino,49689.18,0.9927487449412841
764,Gaultiero Brewin,gbrewinl7@4shared.com,Femenino,20954.69,0.27122676983178584
765,Ad Ofener,aofenerl8@indiatimes.com,Femenino,13416.06,0.08193205093405292
766,Garnette Cossom,gcossoml9@uiuc.edu,Femenino,26634.73,0.41385236296049466
767,Lynn Lott,llottla@theglobeandmail.com,Masculino,35533.81,0.6373079307557621
768,Bobbye Tranfield,btranfieldlb@smugmug.com,Masculino,29926.212606132074,0.49650136877249873
769,Johnna Swayton,jswaytonlc@ebay.co.uk,Femenino,46309.89,0.9078948987352865
770,Levy Font,lfontld@opera.com,Femenino,29926.212606132074,0.49650136877249873
771,Austen Shuxsmith,ashuxsmithle@php.net,Femenino,30441.67,0.5094444847598847
772,Pegeen Brigham,pbrighamlf@eventbrite.com,Masculino,37739.64,0.6926962400090596
773,Maridel Balnaves,mbalnaveslg@seesaa.net,Femenino,29926.212606132074,0.49650136877249873
774,Lazare Lineham,llinehamlh@jigsy.com,Femenino,49736.27,0.9939311730897532
775,Sammie Piddletown,spiddletownli@amazon.com,Femenino,48169.18,0.9545816014782736
776,Myrle Loade,mloadelj@nymag.com,Femenino,49811.04,0.9958086450086542
777,Esmeralda Griggs,egriggslk@webnode.com,Masculino,25203.16,0.37790569350829617
778,Trev Anetts,tanettsll@psu.edu,Femenino,48775.24,0.9697997455356367
779,Minnaminnie Grinsted,mgrinstedlm@wiley.com,Femenino,29926.212606132074,0.49650136877249873
780,Dom Latimer,dlatimerln@ihg.com,Femenino,21909.48,0.2952015112180014
781,Janice Stanion,jstanionlo@hexun.com,Masculino,20126.23,0.25042417004667683
782,Felipa Tryhorn,ftryhornlp@sciencedaily.com,Femenino,47168.08,0.9294440177145765
783,Monro Phare,mpharelq@youtube.com,Femenino,13548.91,0.08526790949264568
784,Yetty Ennion,yennionlr@jiathis.com,Masculino,18395.79,0.20697288601106395
785,Innis Dannehl,idannehlls@unc.edu,Femenino,40121.36,0.7525011406200602
786,Mauricio Chatelain,mchatelainlt@123-reg.co.uk,Femenino,18748.84,0.21583795837923225
787,Sheri Kenworthey,skenwortheylu@deliciousdays.com,Femenino,29926.212606132074,0.49650136877249873
788,Gracie Egle of Germany,geglelv@theguardian.com,Femenino,12521.1,0.059459638622437305
789,Geraldine Rohlf,grohlflw@booking.com,Femenino,29926.212606132074,0.49650136877249873
790,Elspeth Redsall,eredsalllx@jalbum.net,Masculino,43840.59,0.8458908675818576
791,Kacie MacLure,kmaclurely@usa.gov,Femenino,25685.13,0.39000794228123514
792,Rora Kembry,rkembrylz@wunderground.com,Femenino,13209.21,0.07673805512791892
793,Rowan Gooch,rgoochm0@hao123.com,Femenino,29926.212606132074,0.49650136877249873
794,Daisey Howley,dhowleym1@java.com,Femenino,41968.16,0.7988742199276181
795,Stearne Wickersham,swickershamm2@friendfeed.com,Masculino,24417.46,0.35817679573271244
796,Alaine Joddins,ajoddinsm3@tmall.com,Femenino,36690.32,0.666347853838924
797,Maury Pedlar,mpedlarm4@example.com,Femenino,38043.11,0.7003163604213752
798,Petunia Mandrier,pmandrierm5@reverbnation.com,Masculino,26531.73,0.41126603679161966
799,Jaquelin Harston,jharstonm6@creativecommons.org,Masculino,15052.56,0.12302450506380064
800,Clarinda Hayman,chaymanm7@e-recht24.de,Masculino,13406.29,0.08168672659745191
801,Regina Schurcke,rschurckem8@auda.org.au,Masculino,44730.59,0.8682387344779624
802,Alistair Reichartz,areichartzm9@creativecommons.org,Femenino,41231.77,0.7803834944179296
803,Julietta Brissard,jbrissardma@narod.ru,Masculino,29926.212606132074,0.49650136877249873
804,Mickie Elsley,melsleymb@shutterfly.com,Masculino,24454.45,0.3591056132568551
805,Uta Aitkenhead,uaitkenheadmc@nationalgeographic.com,Femenino,39377.5,0.7338228436882216
806,Gaspard Grattage,ggrattagemd@wired.com,Masculino,48538.83,0.9638634992289986
807,Mella Hudspeth,mhudspethme@unblog.fr,Masculino,28241.98,0.4542103506782075
808,Bevin Arnley,barnleymf@plala.or.jp,Masculino,29926.212606132074,0.49650136877249873
809,Staford Winkless,swinklessmg@nymag.com,Masculino,24915.16,0.37067402422056783
810,Carmencita Slatford,cslatfordmh@mlb.com,Femenino,42029.4,0.8004119540497724
811,Kristen Ticic,kticicmi@jimdo.com,Femenino,33495.29,0.5861207693793042
812,Norina Spurr,nspurrmj@irs.gov,Femenino,22207.76,0.3026913109233611
813,Jerald Wemyss,jwemyssmk@themeforest.net,Femenino,13819.12,0.09205287254207989
814,Thekla Burr,tburrml@technorati.com,Femenino,28589.86,0.46294560453867595
815,Darin Schultz,dschultzmm@amazonaws.com,Masculino,15356.92,0.13066697334301236
816,Jordan Pointin,jpointinmn@google.ru,Masculino,12336.81,0.05483212357717532
817,Minor Shwalbe,mshwalbemo@google.it,Femenino,29926.212606132074,0.49650136877249873
818,Dru D'Alesco,ddalescomp@godaddy.com,Femenino,17202.76,0.17701594708627755
819,Erv Toffanelli,etoffanellimq@apache.org,Femenino,37031.0,0.6749023159671993
820,Kylie Bessom,kbessommr@123-reg.co.uk,Masculino,38586.74,0.7139668895008464
821,Lezley Hargreaves,lhargreavesms@qq.com,Masculino,16227.69,0.15253197565438448
822,Giovanna Pavese,gpavesemt@cbsnews.com,Femenino,46595.81,0.915074339300381
823,Anna-maria Mannock,amannockmu@oakley.com,Femenino,45236.07,0.8809313184764379
824,Melinde Rois,mroismv@geocities.jp,Masculino,43833.8,0.8457203709344144
825,Helen-elizabeth Leversha,hlevershamw@whitehouse.gov,Femenino,32287.2,0.5557856744146804
826,Cherri Capron,ccapronmx@list-manage.com,Masculino,20201.46,0.25231319254846785
827,Lianne Demougeot,ldemougeotmy@state.tx.us,Masculino,11279.29,0.028277835712041954
828,Lusa Garrud,lgarrudmz@washington.edu,Femenino,29926.212606132074,0.49650136877249873
829,Marissa Blesdill,mblesdilln0@symantec.com,Femenino,15235.52,0.12761862385853245
830,Borden Wadly,bwadlyn1@economist.com,Masculino,29926.212606132074,0.49650136877249873
831,Freedman Sharpless,fsharplessn2@prnewswire.com,Masculino,12918.09,0.06942804275624026
832,Karee Marlor,kmarlorn3@bizjournals.com,Femenino,37700.58,0.6917154448619115
833,Sheryl Ricker,srickern4@scribd.com,Masculino,45470.42,0.8868158382596986
834,Cookie Clackson,cclacksonn5@un.org,Masculino,33562.89,0.5878182028648961
835,Idaline MacArthur,imacarthurn6@techcrunch.com,Femenino,29926.212606132074,0.49650136877249873
836,Tedmund Antonazzi,tantonazzin7@nationalgeographic.com,Masculino,29926.212606132074,0.49650136877249873
837,Pippo Castanie,pcastanien8@soup.io,Masculino,46346.05,0.9088028749903013
838,Baron Greet,bgreetn9@friendfeed.com,Femenino,36820.6,0.6696191797931089
839,Pip MacMeekan,pmacmeekanna@nydailynews.com,Femenino,27666.15,0.4397512807964278
840,Hallsy Kezourec,hkezourecnb@stanford.edu,Masculino,29926.212606132074,0.49650136877249873
841,Brenna Clemont,bclemontnc@desdev.cn,Femenino,29476.02,0.485197049177611
842,Misti Eastridge,meastridgend@tuttocitta.it,Masculino,27273.23,0.42988507421123956
843,Tove Rudgerd,trudgerdne@desdev.cn,Masculino,46019.73,0.9006089919279002
844,Johna Yashunin,jyashuninnf@go.com,Femenino,24542.15,0.36130775699481954
845,Yoshiko Normanton,ynormantonng@nih.gov,Masculino,14261.85,0.1031698063745658
846,Berget Flory,bflorynh@parallels.com,Masculino,21528.15,0.2856263291017187
847,Geri Squires,gsquiresni@netvibes.com,Femenino,20460.87,0.25882696799961225
848,Orv Dreakin,odreakinnj@studiopress.com,Femenino,29480.75,0.4853158193016768
849,Clarisse Britee,cbriteenk@uol.com.br,Masculino,29151.52,0.4770488662475144
850,Freddy Meneer,fmeneernl@cbc.ca,Femenino,17988.13,0.1967365585741358
851,Antonius Kabisch,akabischnm@artisteer.com,Masculino,29471.59,0.48508581204238654
852,Linnea Brandino,lbrandinonn@google.it,Masculino,29926.212606132074,0.49650136877249873
853,Owen Dunlop,odunlopno@homestead.com,Masculino,22572.37,0.3118466544615507
854,Muire Andreini,mandreininp@paginegialle.it,Masculino,30459.8,0.5098997283855323
855,Seline Etheridge,setheridgenq@cdc.gov,Masculino,26255.95,0.40434121124936373
856,Bartholomew Haliday,bhalidaynr@mapy.cz,Femenino,33020.21,0.5741915282500891
857,Tootsie Brotherheed,tbrotherheedns@ovh.net,Masculino,42077.8,0.8016272762495157
858,Jeniffer Biskup,jbiskupnt@bluehost.com,Masculino,19939.8,0.24574291968101303
859,Kalil Templar,ktemplarnu@epa.gov,Femenino,31755.16,0.5424261698041146
860,Paulita Grimsdyke,pgrimsdykenv@mapquest.com,Masculino,29059.2,0.4747307144813926
861,Anica Catterell,acatterellnw@thetimes.co.uk,Masculino,46371.79,0.9094492054328919
862,Ellswerth Locket,elocketnx@sakura.ne.jp,Masculino,11219.41,0.026774251139301763
863,Zena Nickoll,znickollny@angelfire.com,Masculino,29715.52,0.49121088526931567
864,Iorgo Hegel,ihegelnz@kickstarter.com,Femenino,29319.81,0.4812746218879026
865,Vanni McCome,vmccomeo0@weebly.com,Femenino,11072.41,0.023083086607023795
866,Rosco Kurten,rkurteno1@livejournal.com,Masculino,38536.33,0.7127010962758661
867,Martynne Hamlyn,mhamlyno2@usda.gov,Masculino,40095.94,0.7518628453655672
868,Melissa Tithecote,mtithecoteo3@sogou.com,Masculino,38436.51,0.7101946197887097
869,Raimondo Allabush,rallabusho4@etsy.com,Femenino,24574.67,0.3621243329852255
870,Bessy Cuttler,bcuttlero5@tinypic.com,Masculino,28451.25,0.45946511259432865
871,Chilton Keatley,ckeatleyo6@comcast.net,Femenino,29926.212606132074,0.49650136877249873
872,Chaddie Gammon,cgammono7@narod.ru,Femenino,48164.03,0.9544522851698299
873,Waiter McGillecole,wmcgillecoleo8@purevolume.com,Femenino,39463.36,0.7359787850946256
874,Mari Radbourne,mradbourneo9@joomla.org,Femenino,24279.71,0.3547178983563771
875,Wyndham Sant,wsantoa@nbcnews.com,Masculino,12142.67,0.049957275398287926
876,Joan Kinton,jkintonob@scientificamerican.com,Femenino,48478.96,0.9623601657558863
877,Hatti Balbeck,hbalbeckoc@angelfire.com,Masculino,42606.12,0.8148933717984485
878,Lily MacDonald,lmacdonaldod@dell.com,Masculino,33913.06,0.596610958540187
879,Michale Tomlin,mtomlinoe@multiply.com,Masculino,42235.16,0.8055785799964496
880,Ricard Bradford,rbradfordof@dedecms.com,Femenino,29926.212606132074,0.49650136877249873
881,Inga Milmith,imilmithog@gizmodo.com,Femenino,18590.81,0.2118698309572194
882,Leone Slafford,lslaffordoh@pagesperso-orange.fr,Femenino,39580.08,0.7389096199531799
883,Jarret O'Doherty,jodohertyoi@cornell.edu,Femenino,29926.212606132074,0.49650136877249873
884,Adler Pee,apeeoj@booking.com,Femenino,42147.69,0.80338221154993
885,Blanch Manclark,bmanclarkok@mapy.cz,Masculino,29926.212606132074,0.49650136877249873
886,Darb Paffett,dpaffettol@paypal.com,Masculino,13247.7,0.0777045375962685
887,Brynna Castanho,bcastanhoom@walmart.com,Femenino,18689.89,0.21435772607190035
888,Jane Osipenko,josipenkoon@seesaa.net,Masculino,18549.1,0.21082249440863898
889,Lawry MacRedmond,lmacredmondoo@soup.io,Femenino,33634.12,0.5896067855154686
890,Emlen Vlies,evliesop@instagram.com,Masculino,12504.78,0.05904984402946606
891,Buddy Czajkowska,bczajkowskaoq@linkedin.com,Femenino,10278.62,0.0031510492323507666
892,Hinda Bittleson,hbittlesonor@freewebs.com,Masculino,28947.07,0.4719151343521114
893,Moreen Rzehor,mrzehoros@twitpic.com,Masculino,34453.34,0.6101773692442628
894,Letti Lennox,llennoxot@com.com,Masculino,47310.02,0.933008125835063
895,Kikelia Praten,kpratenou@1und1.de,Masculino,12704.46,0.06406380140229095
896,Darell Aird,dairdov@odnoklassniki.ru,Femenino,10386.88,0.005869453805578073
897,Hallie Geipel,hgeipelow@google.com.au,Masculino,36602.13,0.6641334062191853
898,Derward Burds,dburdsox@wufoo.com,Masculino,44869.94,0.8717378077947854
899,Martha Stodd,mstoddoy@ft.com,Masculino,41401.8,0.784652941393598
900,Norine Coleby,ncolebyoz@dyndns.org,Femenino,10496.65,0.008625774422640342
901,Man Patel,mpatelp0@go.com,Masculino,17835.3,0.19289900295870688
902,Malissa Negal,mnegalp1@wsj.com,Masculino,30805.64,0.5185837579218793
903,Gustave Souster,gsousterp2@prlog.org,Masculino,46567.17,0.9143551899656569
904,Ailyn Alban,aalbanp3@sourceforge.net,Masculino,14790.86,0.11645322779783368
905,Melisande Reese,mreesep4@narod.ru,Masculino,21814.88,0.29282610873668513
906,Oriana Rao,oraop5@wiley.com,Femenino,49977.96,0.9999999999999999
907,Cherida Scahill,cscahillp6@cisco.com,Masculino,30113.52,0.5012046504655512
908,Berkeley Buzin,bbuzinp7@state.tx.us,Femenino,25713.21,0.3907130300367886
909,Hunt de Zamora,hdep8@ed.gov,Femenino,32785.17,0.5682896825924931
910,Dagny Gricewood,dgricewoodp9@msn.com,Femenino,48526.99,0.9635661972693917
911,Dan Marcos,dmarcospa@livejournal.com,Femenino,43447.74,0.8360264186940659
912,Dur Moth,dmothpb@ocn.ne.jp,Femenino,29926.212606132074,0.49650136877249873
913,Winona Stovold,wstovoldpc@weebly.com,Masculino,12466.59,0.05809089454995792
914,Perri Marland,pmarlandpd@soundcloud.com,Femenino,29926.212606132074,0.49650136877249873
915,Riki Cridland,rcridlandpe@vkontakte.ru,Femenino,39038.51,0.7253108173970861
916,Jackelyn Le Blond,jlepf@deviantart.com,Masculino,35228.65,0.6296453745063068
917,Bridie Dickenson,bdickensonpg@oracle.com,Femenino,39517.54,0.7373392428793795
918,Kacie Wetheril,kwetherilph@weibo.com,Femenino,31400.51,0.5335209214954589
919,Fidelio Critzen,fcritzenpi@fda.gov,Femenino,49066.9,0.9771233172872301
920,Frederick Gajewski,fgajewskipj@reference.com,Masculino,36943.91,0.6727154893065457
921,Caldwell Strike,cstrikepk@businessinsider.com,Masculino,33886.85,0.5959528264150782
922,Joseph Gravenell,jgravenellpl@squarespace.com,Masculino,21795.01,0.29232717377575745
923,Hervey Eggins,hegginspm@flickr.com,Masculino,32519.87,0.5616280094604295
924,Curt Case,ccasepn@dyndns.org,Femenino,40270.37,0.7562427761775757
925,Artair West,awestpo@zimbio.com,Femenino,40829.77,0.7702892893704755
926,Matthieu Leech,mleechpp@hatena.ne.jp,Femenino,10591.6,0.011009965390938292
927,Rowney Antonopoulos,rantonopoulospq@imgur.com,Masculino,45627.98,0.8907721639991936
928,Margeaux Pimblett,mpimblettpr@marketwatch.com,Masculino,24436.4,0.35865237842823183
929,Rhetta Keeney,rkeeneyps@unc.edu,Femenino,14780.01,0.11618078470140364
930,Onfre Kydd,okyddpt@ibm.com,Femenino,34441.89,0.60988986017015
931,Terry Pollington,tpollingtonpu@trellian.com,Femenino,17091.96,0.17423376320752654
932,Inglebert Josef,ijosefpv@ocn.ne.jp,Masculino,26592.75,0.4127982467219571
933,Shandra Fredy,sfredypw@google.co.jp,Masculino,36677.98,0.6660379968979152
934,Klarika Keyworth,kkeyworthpx@amazon.co.jp,Femenino,29926.212606132074,0.49650136877249873
935,Christopher Kew,ckewpy@pinterest.com,Masculino,22400.06,0.307519956770688
936,Dayna Challis,dchallispz@behance.net,Masculino,29926.212606132074,0.49650136877249873
937,Eugine Pipworth,epipworthq0@yellowbook.com,Masculino,44506.65,0.8626156094074978
938,Jard Meriel,jmerielq1@ted.com,Femenino,33888.15,0.5959854693667243
939,Seth Bortoluzzi,sbortoluzziq2@paginegialle.it,Femenino,11930.08,0.04461914840565545
940,Felicdad Harpin,fharpinq3@histats.com,Masculino,20236.18,0.253185010457044
941,Lorine Dadswell,ldadswellq4@printfriendly.com,Femenino,30536.05,0.511814363049384
942,Hilliard Morrilly,hmorrillyq5@skyrock.com,Femenino,10154.13,2.5109962804581443e-05
943,Wit Diche,wdicheq6@toplist.cz,Masculino,41675.73,0.7915313135046652
944,Jerrine St. Louis,jstq7@over-blog.com,Femenino,47421.82,0.9358154196766187
945,Teodoro Kynd,tkyndq8@posterous.com,Femenino,29926.212606132074,0.49650136877249873
946,Ami Melhuish,amelhuishq9@paypal.com,Femenino,15788.52,0.14150443328948298
947,Pearline Claque,pclaqueqa@infoseek.co.jp,Femenino,10234.72,0.002048721865228309
948,Josephina Heining,jheiningqb@ted.com,Femenino,10818.93,0.016718213235310753
949,Ashlee Esch,aeschqc@behance.net,Femenino,48585.77,0.965042160883047
950,Corliss Whistlecraft,cwhistlecraftqd@webmd.com,Masculino,46168.58,0.9043466098913667
951,George Cawker,gcawkerqe@multiply.com,Masculino,41125.14,0.7777060190840738
952,Cirstoforo Tuckett,ctuckettqf@cbslocal.com,Femenino,40786.2,0.7691952482910785
953,Pacorro Mullin,pmullinqg@fotki.com,Masculino,12330.83,0.05468196599960373
954,Aubrie Yallop,ayallopqh@eventbrite.com,Femenino,12351.31,0.05519621803784219
955,Brendin M'Barron,bmbarronqi@github.com,Masculino,44481.8,0.8619916268318032
956,Fifi Holleworth,fholleworthqj@digg.com,Masculino,31164.62,0.5275977323694789
957,Eddie Dulton,edultonqk@tinypic.com,Femenino,18374.73,0.2064440701943988
958,Kamila Luetkemeyers,kluetkemeyersql@prlog.org,Femenino,38320.46,0.7072806086052343
959,Ellis Scarre,escarreqm@bloomberg.com,Femenino,23487.01,0.3348132308411611
960,Wrennie O'Hartagan,wohartaganqn@skype.com,Femenino,26747.0,0.41667145848456855
961,Diahann Murrill,dmurrillqo@harvard.edu,Femenino,29926.212606132074,0.49650136877249873
962,Cristen Francesco,cfrancescoqp@cdc.gov,Masculino,11800.98,0.041377452207580045
963,Rosabelle Brockway,rbrockwayqq@edublogs.org,Masculino,38913.63,0.7221750852420461
964,Kelsi Casaccia,kcasacciaqr@pbs.org,Femenino,33704.06,0.5913629763140231
965,Berni Pyke,bpykeqs@mlb.com,Masculino,21429.25,0.2831429537803425
966,Timothy Whitmell,twhitmellqt@rakuten.co.jp,Femenino,31097.49,0.5259121005664055
967,Maribel Bulward,mbulwardqu@etsy.com,Femenino,29926.212606132074,0.49650136877249873
968,Pooh Maughan,pmaughanqv@diigo.com,Femenino,29926.212606132074,0.49650136877249873
969,Noelani Aulton,naultonqw@cdc.gov,Masculino,18956.85,0.22106108174221956
970,Maybelle Kinsell,mkinsellqx@blogspot.com,Femenino,12117.58,0.049327266431520245
971,Damita Pyrton,dpyrtonqy@adobe.com,Masculino,34425.26,0.6094722814887095
972,Adele Battany,abattanyqz@oaic.gov.au,Femenino,38450.49,0.7105456570687181
973,Patrick Turbard,pturbardr0@mtv.com,Femenino,10583.19,0.010798790603751496
974,Winfield Kondrachenko,wkondrachenkor1@devhub.com,Masculino,47119.36,0.9282206603267359
975,Giles Binder,gbinderr2@hao123.com,Femenino,29926.212606132074,0.49650136877249873
976,Oralia Seak,oseakr3@wired.com,Femenino,22428.03,0.308222282430333
977,Dina Marusyak,dmarusyakr4@sina.com.cn,Femenino,49747.66,0.9942171755660979
978,Vic Piola,vpiolar5@paginegialle.it,Femenino,43853.13,0.8462057465154275
979,Rana Slograve,rslograver6@drupal.org,Masculino,29028.39,0.4739570765273825
980,Archambault Kernell,akernellr7@usgs.gov,Masculino,32082.83,0.5506539513163019
981,Tiffanie Lawling,tlawlingr8@biglobe.ne.jp,Masculino,12165.03,0.05051873416659908
982,Brander Moulster,bmoulsterr9@usnews.com,Femenino,23208.29,0.32781458200825964
983,Bord O'Reagan,boreaganra@independent.co.uk,Masculino,48280.34,0.9573728249436343
984,Shawn Bladon,sbladonrb@theglobeandmail.com,Masculino,36693.21,0.6664204216314293
985,Mike Joysey,mjoyseyrc@a8.net,Femenino,26668.8,0.41470785939324784
986,Lauree Craiker,lcraikerrd@unesco.org,Femenino,31198.5,0.5284484579092993
987,Franchot Melbourn,fmelbournre@github.com,Masculino,36599.98,0.6640794197991555
988,Mia Raff,mraffrf@netscape.com,Femenino,27698.02,0.44055153531101077
989,Lacy Abelson,labelsonrg@purevolume.com,Masculino,41734.38,0.7930040128231556
990,Doug Shakle,dshaklerh@wikispaces.com,Femenino,39149.94,0.7281088205524041
991,Sybila Chatto,schattori@sogou.com,Femenino,39558.44,0.7383662403580882
992,Rasia Mackerness,rmackernessrj@zimbio.com,Femenino,45113.12,0.877844048549611
993,Zed Thow,zthowrk@earthlink.net,Masculino,23942.97,0.3462623694815521
994,Alonzo Behling,abehlingrl@trellian.com,Masculino,29926.212606132074,0.49650136877249873
995,Saidee Carlucci,scarluccirm@surveymonkey.com,Femenino,19564.11,0.23630935775494832
996,Bert Essex,bessexrn@columbia.edu,Femenino,10630.74,0.011992769335110787
997,Micheline Tart,mtartro@goo.ne.jp,Femenino,29926.212606132074,0.49650136877249873
998,Melvyn Showler,mshowlerrp@marketwatch.com,Femenino,16341.91,0.15540003560592724
999,Rickey Siebart,rsiebartrq@intel.com,Femenino,17069.9,0.17367983742805682
1000,Arleta Connelly,aconnellyrr@pcworld.com,Femenino,10485.52,0.008346300536625051
